,SEXE,AGE,OA196_r1,OA196_r2,OA196_r3,OA196_r4,OA196_r5,OA196_r6,OA196_r7
0,Un homme,45.0,-1,-1,0,-1,2,-1,-1
1,Un homme,49.0,2,-1,1,-1,-1,1,2
2,Une femme,54.0,1,1,1,1,1,1,1
3,Un homme,57.0,-1,-1,2,1,-2,-1,1
4,Une femme,44.0,2,-2,1,-2,-2,2,-1
5,Un homme,70.0,1,-1,-1,-1,1,1,1
6,Une femme,84.0,-1,1,-1,2,1,0,1
7,Une femme,55.0,1,1,1,-1,1,1,1
8,Un homme,45.0,2,-1,2,-1,-1,1,2
9,Une femme,44.0,0,1,1,1,1,1,1
10,Une femme,24.0,1,2,1,-1,1,2,1
11,Un homme,67.0,2,0,0,-2,-2,-2,0
12,Un homme,88.0,1,2,1,1,2,1,1
13,Un homme,57.0,-1,-1,1,-1,-1,-1,-1
14,Une femme,77.0,1,2,2,2,2,1,2
15,Une femme,23.0,1,1,-1,1,1,-2,-1
16,Une femme,25.0,0,0,1,0,-1,0,2
17,Une femme,29.0,0,0,0,-1,0,0,1
18,Une femme,44.0,1,1,1,1,1,1,1
19,Une femme,77.0,2,1,0,1,1,1,1
20,Un homme,75.0,0,-1,-1,-2,1,1,1
21,Un homme,42.0,1,2,-1,-1,-2,2,2
22,Une femme,68.0,2,2,2,2,2,1,1
23,Un homme,46.0,-1,1,1,-1,-1,1,-1
24,Un homme,73.0,2,1,1,1,1,1,1
25,Une femme,45.0,2,2,2,2,2,2,2
26,Un homme,80.0,1,-2,1,1,-1,1,1
27,Un homme,63.0,-1,1,2,1,1,1,1
28,Une femme,48.0,1,1,2,-1,2,2,2
29,Une femme,38.0,1,1,2,2,-2,1,1
30,Une femme,34.0,1,-1,-1,-1,-1,-1,1
31,Une femme,43.0,1,1,-1,-1,-1,1,1
32,Une femme,51.0,-1,0,1,0,0,1,0
33,Un homme,52.0,1,1,1,-2,1,1,1
34,Un homme,78.0,2,1,0,1,1,1,1
35,Une femme,26.0,2,2,2,-1,1,-1,1
36,Une femme,53.0,-1,1,1,1,1,1,1
37,Une femme,18.0,-2,2,1,2,-1,2,-1
38,Un homme,50.0,-1,1,2,1,1,2,1
39,Une femme,35.0,-1,1,2,-1,-2,1,1
40,Une femme,28.0,1,1,1,1,-1,1,-1
41,Une femme,23.0,-1,1,2,1,1,2,2
42,Une femme,18.0,1,2,1,1,-1,2,2
43,Une femme,53.0,0,0,2,2,2,0,0
44,Un homme,62.0,1,1,2,1,2,1,1
45,Un homme,40.0,1,1,1,0,-1,0,2
46,Un homme,77.0,-1,-1,2,1,2,-2,2
47,Une femme,33.0,2,1,1,-2,-1,2,2
48,Une femme,26.0,-1,1,1,1,0,1,1
49,Un homme,55.0,2,-1,-1,-1,-1,1,1
50,Un homme,35.0,-1,1,1,2,1,-1,-1
51,Un homme,37.0,0,1,2,2,0,2,2
52,Une femme,33.0,2,1,1,-1,-1,1,1
53,Une femme,75.0,1,1,1,0,0,0,1
54,Un homme,48.0,-1,-1,2,1,1,1,-1
55,Une femme,69.0,1,-1,1,1,-1,-2,1
56,Un homme,46.0,0,-1,1,-2,-1,1,1
57,Un homme,56.0,0,0,0,0,0,0,0
58,Un homme,47.0,1,1,2,0,0,1,-1
59,Une femme,70.0,-1,1,1,1,1,-1,1
60,Une femme,51.0,1,-1,-1,-1,-1,0,1
61,Un homme,57.0,-1,1,1,2,1,1,1
62,Un homme,65.0,1,-2,1,-1,1,2,2
63,Un homme,21.0,0,0,0,0,0,0,0
64,Une femme,25.0,-1,-1,-1,1,-2,-1,-1
65,Une femme,47.0,1,-1,2,2,2,2,2
66,Une femme,22.0,1,-1,-1,-1,-1,-1,1
67,Un homme,47.0,1,-1,1,1,-1,-1,-1
68,Une femme,60.0,2,-1,-1,-1,1,-1,1
69,Un homme,39.0,1,1,0,1,1,2,2
70,Une femme,36.0,-1,-1,-1,-2,1,1,1
71,Un homme,23.0,1,1,1,2,-1,1,-1
72,Une femme,50.0,2,1,1,-1,1,1,1
73,Une femme,38.0,2,1,2,-1,1,1,1
74,Un homme,23.0,0,1,2,1,2,2,-1
75,Un homme,19.0,1,1,0,1,-1,1,-2
76,Une femme,38.0,0,0,0,0,0,0,0
77,Un homme,55.0,-1,1,2,-1,-1,-1,1
78,Un homme,75.0,1,1,1,1,1,1,1
79,Une femme,33.0,1,0,0,0,0,0,1
80,Un homme,53.0,1,2,1,0,1,1,2
81,Une femme,22.0,2,2,2,2,2,2,2
82,Un homme,75.0,1,2,2,1,-1,1,2
83,Un homme,60.0,1,1,1,1,0,1,2
84,Un homme,21.0,0,-2,1,0,1,0,-2
85,Une femme,76.0,1,-1,1,1,-1,1,1
86,Un homme,78.0,-1,-1,2,0,-1,-1,1
87,Un homme,55.0,1,1,1,0,1,1,1
88,Un homme,51.0,1,-1,1,1,1,1,1
89,Une femme,41.0,1,0,1,1,1,1,1
90,Un homme,69.0,0,1,2,0,1,1,1
91,Une femme,34.0,1,0,1,-1,0,-1,1
92,Un homme,56.0,1,0,1,0,0,0,1
93,Un homme,54.0,1,2,2,1,-2,1,1
94,Une femme,20.0,2,1,-1,1,-1,1,1
95,Une femme,21.0,0,2,0,0,1,0,1
96,Un homme,62.0,1,1,1,-1,1,1,1
97,Une femme,46.0,1,1,1,-1,-1,-2,1
98,Un homme,41.0,1,1,1,1,1,2,2
99,Un homme,41.0,1,2,1,-1,-2,1,0
100,Un homme,48.0,1,1,1,1,-1,-1,1
101,Une femme,68.0,0,0,1,-1,-1,-1,-1
102,Une femme,19.0,1,0,0,0,1,0,1
103,Un homme,82.0,1,1,1,1,1,1,1
104,Un homme,78.0,1,1,2,-1,1,1,2
105,Un homme,61.0,1,1,1,-1,-1,1,1
106,Un homme,74.0,2,2,2,2,1,2,1
107,Une femme,20.0,-1,-1,-1,-1,-1,-1,-1
108,Un homme,27.0,-1,0,1,1,-1,1,1
109,Un homme,52.0,0,1,0,0,1,1,2
110,Un homme,39.0,1,1,1,1,1,1,1
111,Un homme,41.0,1,1,1,1,1,1,1
112,Un homme,44.0,0,1,2,1,1,-1,1
113,Un homme,45.0,0,0,0,0,0,0,0
114,Un homme,42.0,1,-1,1,1,-1,0,1
115,Un homme,50.0,1,1,1,-1,-1,1,-1
116,Une femme,81.0,1,1,0,1,0,0,1
117,Une femme,68.0,2,1,1,-1,-1,1,1
118,Un homme,39.0,-1,-1,2,1,1,-1,1
119,Un homme,78.0,-1,1,2,2,1,1,1
120,Un homme,74.0,1,1,1,2,1,1,1
121,Une femme,42.0,-2,-1,2,2,1,1,-1
122,Une femme,81.0,1,1,0,-1,-1,0,1
123,Un homme,35.0,2,2,2,2,2,2,2
124,Une femme,70.0,1,1,1,-1,0,1,2
125,Un homme,75.0,1,-1,1,1,1,1,1
126,Une femme,34.0,2,1,2,2,-1,2,-1
127,Un homme,47.0,2,2,2,2,2,2,2
128,Une femme,65.0,1,1,1,1,1,1,2
129,Un homme,23.0,1,1,2,1,1,2,2
130,Un homme,56.0,1,2,1,1,-1,2,1
131,Un homme,55.0,-1,1,1,-1,-2,1,-2
132,Une femme,48.0,2,1,2,-1,-1,1,2
133,Une femme,23.0,1,1,1,-1,1,1,1
134,Une femme,38.0,0,0,0,0,0,0,0
135,Un homme,77.0,2,-1,1,-1,1,1,1
136,Un homme,57.0,1,1,1,1,-1,1,-1
137,Un homme,42.0,1,-2,-1,-1,1,-1,1
138,Une femme,78.0,1,1,-1,-1,-1,-1,-1
139,Une femme,42.0,0,0,0,0,0,0,0
140,Un homme,39.0,0,0,1,0,0,0,0
141,Une femme,54.0,1,0,0,0,0,0,1
142,Une femme,39.0,0,1,0,0,0,1,1
143,Un homme,77.0,1,0,1,-1,-1,1,2
144,Une femme,32.0,1,1,-1,1,-1,2,1
145,Une femme,18.0,2,2,2,-1,-1,2,2
146,Une femme,72.0,1,1,1,1,1,1,1
147,Une femme,21.0,0,0,0,0,0,0,0
148,Un homme,66.0,1,2,1,-1,-2,1,2
149,Un homme,52.0,1,1,-1,-1,-1,1,2
150,Une femme,57.0,1,2,2,1,1,1,1
151,Une femme,78.0,1,1,1,-1,-1,1,1
152,Un homme,51.0,1,1,1,1,-1,2,-1
153,Un homme,57.0,1,1,-1,-1,-1,1,2
154,Une femme,40.0,1,1,2,1,2,-1,1
155,Un homme,57.0,1,2,2,1,-2,-1,-1
156,Une femme,25.0,2,-1,-1,-1,-1,1,1
157,Une femme,76.0,2,-2,-2,1,-1,1,2
158,Une femme,50.0,1,1,2,-1,1,1,1
159,Un homme,74.0,1,-1,2,-1,-1,1,1
160,Une femme,73.0,0,1,0,1,1,1,0
161,Un homme,21.0,1,-1,1,1,1,-1,1
162,Une femme,35.0,2,-1,-1,-2,-1,-1,-2
163,Une femme,34.0,1,1,1,1,1,-1,1
164,Une femme,56.0,2,1,1,-1,-1,1,1
165,Un homme,54.0,1,-2,0,1,1,1,-1
166,Une femme,30.0,1,-1,1,1,-1,1,1
167,Un homme,48.0,1,1,1,1,-1,1,1
168,Un homme,74.0,2,1,1,-1,-1,1,0
169,Un homme,33.0,-2,-1,-1,-2,-1,-1,1
170,Une femme,36.0,0,0,0,0,0,0,0
171,Une femme,54.0,1,1,1,-1,-1,1,0
172,Un homme,33.0,1,1,1,1,1,1,-1
173,Un homme,54.0,1,0,1,1,-1,0,0
174,Une femme,33.0,1,1,-1,1,1,0,-1
175,Une femme,34.0,-1,0,2,2,-1,1,-1
176,Un homme,77.0,2,2,1,1,1,2,2
177,Une femme,67.0,0,0,0,-1,0,1,1
178,Une femme,56.0,1,-1,-1,1,0,0,1
179,Un homme,72.0,2,1,2,2,-1,2,2
180,Un homme,57.0,2,1,2,2,1,-1,-1
181,Une femme,78.0,1,-1,1,-1,1,0,-1
182,Un homme,62.0,1,2,2,1,-1,-1,-1
183,Un homme,29.0,0,1,1,-1,-1,-1,0
184,Un homme,22.0,-1,2,2,2,-1,-2,-2
185,Une femme,78.0,1,1,1,1,1,1,1
186,Un homme,54.0,1,1,0,0,1,1,-1
187,Une femme,45.0,-1,-2,0,-2,2,0,-2
188,Une femme,44.0,2,2,2,1,1,0,1
189,Une femme,66.0,0,1,1,1,-1,0,1
190,Un homme,61.0,1,1,2,-1,-1,0,1
191,Un homme,68.0,1,1,1,-2,-1,1,1
192,Une femme,80.0,2,1,1,2,1,1,2
193,Une femme,36.0,1,-1,2,-1,-2,1,1
194,Une femme,21.0,-1,-2,2,2,2,1,1
195,Une femme,39.0,1,0,0,-1,0,0,1
196,Un homme,30.0,2,2,2,2,1,2,2
197,Un homme,18.0,2,2,1,1,-1,-1,2
198,Un homme,65.0,1,1,1,1,1,1,1
199,Une femme,21.0,0,0,0,2,2,0,1
200,Une femme,73.0,1,-1,1,1,-1,1,1
201,Une femme,42.0,1,1,2,-1,1,1,1
202,Une femme,22.0,-1,-1,-1,-1,-1,-1,-1
203,Une femme,27.0,0,0,0,0,0,0,0
204,Une femme,73.0,2,-1,1,-1,-1,1,1
205,Un homme,28.0,0,0,0,0,0,0,0
206,Un homme,33.0,1,1,-1,-1,1,1,-1
207,Un homme,55.0,2,0,1,0,-1,1,1
208,Une femme,24.0,2,0,2,2,-1,2,1
209,Un homme,35.0,1,-1,-1,-1,-1,-1,-2
210,Une femme,82.0,1,-1,0,1,-1,-1,1
211,Une femme,79.0,1,-1,1,1,-1,-1,1
212,Une femme,44.0,2,0,0,0,0,0,0
213,Une femme,32.0,1,-1,2,1,0,2,2
214,Une femme,76.0,1,2,1,1,1,1,1
215,Un homme,81.0,1,1,2,2,1,2,1
216,Une femme,24.0,1,0,0,1,-1,1,0
217,Une femme,23.0,1,-1,1,1,1,2,2
218,Une femme,77.0,1,0,1,0,0,0,0
219,Une femme,76.0,1,1,1,1,1,1,1
220,Un homme,21.0,0,0,0,0,0,0,0
221,Une femme,75.0,1,-1,1,-1,-2,0,1
222,Un homme,75.0,1,1,2,1,1,-1,-1
223,Un homme,51.0,1,0,0,0,0,1,2
224,Un homme,79.0,1,1,-1,1,1,-2,1
225,Une femme,68.0,1,-1,1,-1,1,-1,2
226,Un homme,50.0,2,2,1,2,2,1,1
227,Une femme,70.0,-1,1,1,1,1,1,1
228,Une femme,29.0,1,1,1,1,1,1,1
229,Un homme,52.0,2,-1,1,1,1,2,1
230,Un homme,34.0,2,1,2,1,1,1,1
231,Un homme,67.0,1,1,1,1,2,2,1
232,Un homme,70.0,2,-1,2,2,2,0,2
233,Un homme,64.0,1,1,1,1,1,1,2
234,Une femme,76.0,1,-1,1,1,-1,1,2
235,Un homme,55.0,1,1,1,1,1,1,1
236,Un homme,76.0,2,1,1,-1,-1,2,2
237,Un homme,46.0,2,2,2,2,2,1,1
238,Un homme,76.0,1,1,1,-1,-1,1,1
239,Un homme,55.0,1,1,1,-1,1,2,-1
240,Une femme,54.0,-2,0,1,2,2,1,1
241,Un homme,56.0,-2,2,1,2,1,2,2
242,Un homme,76.0,-1,2,2,1,-2,-1,-1
243,Une femme,37.0,-1,2,2,-1,-1,1,1
244,Une femme,24.0,-1,-1,2,2,2,-1,-1
245,Un homme,22.0,1,1,1,2,2,2,1
246,Un homme,45.0,1,-1,1,1,1,1,-1
247,Un homme,49.0,1,1,1,1,1,1,1
248,Une femme,20.0,1,-1,2,-1,0,1,1
249,Une femme,81.0,1,1,1,1,0,1,1
250,Une femme,35.0,1,0,1,-1,0,0,0
251,Une femme,39.0,1,2,1,2,1,2,1
252,Un homme,80.0,1,1,2,2,1,1,2
253,Un homme,24.0,1,1,1,1,-1,1,-1
254,Une femme,75.0,2,1,1,1,1,0,2
255,Une femme,20.0,1,1,1,1,1,-1,1
256,Un homme,71.0,1,1,1,-1,-1,-1,-1
257,Une femme,33.0,1,1,2,1,1,1,2
258,Une femme,37.0,1,-1,1,-1,1,1,1
259,Un homme,70.0,1,1,1,-1,-1,1,-1
260,Un homme,36.0,2,1,1,-1,2,-1,-1
261,Une femme,35.0,1,1,-1,-1,-1,1,1
262,Une femme,71.0,-1,1,1,-1,1,-1,2
263,Une femme,41.0,0,1,1,1,1,0,1
264,Une femme,60.0,0,1,1,1,0,0,0
265,Un homme,19.0,1,1,2,-1,1,-1,-2
266,Un homme,52.0,1,1,1,-1,1,1,2
267,Une femme,35.0,0,0,0,-2,0,-2,0
268,Un homme,55.0,1,1,0,-1,1,1,0
269,Un homme,53.0,1,-1,0,1,1,0,0
270,Une femme,44.0,0,1,1,-1,0,1,0
271,Un homme,45.0,0,0,0,0,0,0,0
272,Une femme,61.0,1,1,2,-1,-1,1,1
273,Une femme,59.0,-1,-1,2,1,-2,-2,1
274,Une femme,29.0,1,-2,-1,-2,-2,-1,0
275,Une femme,34.0,1,-1,1,1,1,1,1
276,Une femme,67.0,1,1,2,1,-1,2,2
277,Un homme,24.0,1,2,1,1,1,2,1
278,Un homme,43.0,2,1,1,-2,-1,1,-1
279,Un homme,61.0,1,1,1,1,1,1,1
280,Un homme,64.0,1,1,2,1,1,1,1
281,Une femme,81.0,1,1,2,1,-1,1,1
282,Une femme,52.0,0,0,0,0,0,0,0
283,Une femme,68.0,1,-2,1,-1,-1,-1,-1
284,Un homme,58.0,-1,1,1,1,1,1,1
285,Un homme,40.0,1,1,1,1,1,1,1
286,Une femme,76.0,2,2,1,1,2,2,2
287,Un homme,77.0,2,-1,1,-1,-1,-1,1
288,Un homme,75.0,-1,-1,1,1,-1,1,1
289,Une femme,40.0,1,1,-1,-2,-1,1,1
290,Un homme,47.0,0,1,1,0,0,0,1
291,Un homme,72.0,2,1,-2,-1,-2,1,1
292,Une femme,40.0,0,-1,1,1,1,1,1
293,Une femme,54.0,1,0,1,0,0,0,1
294,Un homme,60.0,-1,1,1,-1,1,-1,1
295,Un homme,50.0,1,1,1,1,1,1,1
296,Une femme,77.0,0,0,0,0,0,0,0
297,Une femme,65.0,1,-1,-1,-1,-1,-1,1
298,Une femme,66.0,2,0,1,-1,0,1,1
299,Un homme,71.0,1,1,1,1,1,1,1
300,Une femme,23.0,-1,1,2,1,1,-1,-2
301,Une femme,33.0,1,0,0,1,1,1,0
302,Un homme,76.0,1,2,1,1,1,1,1
303,Un homme,47.0,1,1,1,1,1,1,1
304,Un homme,57.0,1,-1,1,1,-1,-1,1
305,Une femme,51.0,2,-1,1,-1,-1,-1,1
306,Un homme,42.0,2,-2,-2,2,2,-1,-2
307,Une femme,51.0,2,1,-1,-2,-2,2,1
308,Une femme,51.0,1,0,1,1,1,1,0
309,Un homme,44.0,1,-1,1,-1,1,1,1
310,Une femme,29.0,-1,1,-2,1,-1,2,1
311,Un homme,32.0,-1,1,1,1,1,-1,1
312,Une femme,56.0,0,0,1,-1,-1,0,-1
313,Un homme,53.0,1,-1,1,-1,1,1,2
314,Un homme,40.0,1,1,1,1,1,1,1
315,Un homme,56.0,2,1,2,1,1,-1,1
316,Une femme,53.0,1,1,0,-1,1,2,1
317,Une femme,77.0,1,1,1,-1,-1,-1,2
318,Un homme,31.0,1,0,0,0,0,0,1
319,Une femme,49.0,1,1,2,-1,1,1,1
320,Une femme,65.0,2,2,1,-1,-2,2,1
321,Un homme,37.0,1,1,1,1,-1,-2,1
322,Un homme,43.0,1,1,1,-1,2,1,2
323,Un homme,41.0,1,1,1,1,1,1,1
324,Une femme,28.0,-1,1,-1,-2,0,-2,2
325,Une femme,71.0,-1,2,1,2,1,1,2
326,Un homme,66.0,1,2,2,1,1,1,1
327,Un homme,19.0,2,2,2,2,2,2,2
328,Un homme,52.0,1,1,1,-1,-1,1,2
329,Une femme,46.0,1,-1,1,1,1,-1,1
330,Un homme,31.0,1,2,2,1,1,1,2
331,Un homme,52.0,1,-1,-1,-2,-1,-1,-2
332,Un homme,24.0,1,1,1,-1,1,-1,1
333,Une femme,60.0,1,0,1,1,1,0,2
334,Un homme,35.0,1,1,1,-1,-1,0,1
335,Une femme,79.0,1,2,2,2,1,2,1
336,Un homme,20.0,2,1,1,1,1,-1,1
337,Une femme,50.0,-2,1,1,2,1,2,1
338,Une femme,55.0,1,1,1,-1,-1,1,2
339,Un homme,66.0,1,1,2,2,1,1,2
340,Une femme,28.0,-1,-2,1,2,-2,2,2
341,Une femme,58.0,1,1,-1,-2,-1,1,1
342,Une femme,73.0,1,0,0,-1,1,0,1
343,Une femme,19.0,1,-1,0,0,0,0,0
344,Une femme,80.0,2,1,2,-1,1,1,2
345,Un homme,29.0,2,2,2,2,-2,0,-2
346,Une femme,22.0,1,2,1,2,2,1,1
347,Une femme,70.0,1,2,2,2,1,1,2
348,Un homme,55.0,2,-1,1,1,1,1,1
349,Un homme,75.0,0,0,0,0,0,0,0
350,Une femme,41.0,-1,0,1,-1,1,1,1
351,Une femme,47.0,0,0,0,0,0,0,0
352,Un homme,78.0,1,2,2,1,2,2,2
353,Un homme,44.0,1,0,-1,0,0,0,0
354,Un homme,59.0,1,1,1,1,-2,2,2
355,Une femme,61.0,1,2,1,0,1,1,1
356,Une femme,70.0,1,2,2,1,1,-1,2
357,Un homme,22.0,1,1,1,1,2,1,1
358,Un homme,21.0,-1,2,2,0,-2,2,2
359,Un homme,39.0,-1,1,2,2,1,2,1
360,Une femme,23.0,1,1,1,1,-1,2,2
361,Une femme,47.0,-1,-1,-1,1,1,1,1
362,Une femme,62.0,1,1,1,-1,-1,1,1
363,Une femme,34.0,2,0,0,-1,-1,1,2
364,Une femme,75.0,2,1,1,1,1,1,2
365,Une femme,66.0,-1,1,1,-1,-1,0,1
366,Une femme,23.0,1,1,1,1,1,1,1
367,Un homme,24.0,1,1,1,1,1,1,2
368,Une femme,51.0,1,1,1,1,1,1,1
369,Une femme,78.0,2,1,1,1,1,2,2
370,Une femme,52.0,1,1,1,1,1,1,-1
371,Une femme,75.0,1,1,1,1,1,1,1
372,Une femme,24.0,-1,2,1,2,2,2,1
373,Un homme,71.0,1,1,1,1,-1,1,1
374,Une femme,44.0,0,0,0,0,0,0,1
375,Un homme,56.0,1,1,2,1,1,-1,2
376,Une femme,75.0,1,-1,2,-1,-1,2,2
377,Une femme,47.0,1,1,2,2,2,-1,2
378,Une femme,27.0,-1,0,1,0,0,-1,-1
379,Un homme,67.0,1,1,1,1,1,1,1
380,Un homme,31.0,0,0,0,0,0,0,0
381,Un homme,34.0,1,1,1,1,-1,1,1
382,Une femme,60.0,-1,1,1,1,1,1,1
383,Une femme,51.0,-2,-1,1,1,-1,-1,1
384,Un homme,33.0,1,-1,1,1,1,-1,-1
385,Une femme,61.0,1,1,1,-1,-2,-1,-1
386,Un homme,48.0,1,1,1,1,-1,1,1
387,Un homme,31.0,-1,1,-1,1,-1,-1,-2
388,Une femme,23.0,-1,1,2,2,2,2,2
389,Une femme,65.0,1,1,2,1,1,-1,-1
390,Un homme,64.0,2,-2,2,2,-2,-2,2
391,Un homme,24.0,2,1,2,-1,-1,1,-1
392,Un homme,68.0,2,1,1,1,1,1,1
393,Un homme,46.0,0,-1,1,0,-1,0,-1
394,Un homme,66.0,1,1,1,1,1,1,1
395,Une femme,48.0,0,0,0,0,0,0,0
396,Une femme,41.0,-1,-1,-1,-1,-1,-1,-1
397,Une femme,49.0,1,-1,2,-1,1,-1,1
398,Un homme,78.0,2,-1,1,1,2,1,2
399,Une femme,41.0,1,1,-1,-1,-1,1,1
400,Une femme,81.0,1,1,1,1,1,1,1
401,Une femme,34.0,-1,1,1,-1,1,1,1
402,Une femme,56.0,1,1,0,1,1,1,0
403,Une femme,31.0,1,-1,1,-1,-1,2,1
404,Un homme,37.0,1,-1,2,-1,-1,1,-1
405,Une femme,35.0,1,1,1,-1,-1,2,1
406,Un homme,27.0,0,1,2,1,1,1,0
407,Une femme,27.0,1,1,1,1,1,1,1
408,Un homme,24.0,1,1,1,1,1,1,1
409,Une femme,69.0,1,0,1,0,1,1,0
410,Un homme,55.0,0,0,0,0,0,0,0
411,Un homme,52.0,2,2,1,-1,1,1,1
412,Une femme,28.0,1,2,2,1,1,2,1
413,Une femme,20.0,1,1,1,2,1,1,2
414,Une femme,58.0,2,-1,2,1,1,2,-1
415,Une femme,83.0,2,2,2,2,1,1,2
416,Une femme,52.0,-1,2,1,2,1,-1,1
417,Un homme,70.0,2,1,-1,-2,1,-1,2
418,Une femme,45.0,2,-1,1,-1,-1,1,1
419,Une femme,32.0,1,-1,1,-1,-1,1,1
420,Une femme,60.0,1,1,-1,1,1,2,2
421,Un homme,54.0,1,-1,1,-1,-1,1,1
422,Une femme,46.0,1,-1,1,1,1,1,1
423,Un homme,43.0,1,1,1,-1,1,1,1
424,Une femme,36.0,-1,-1,1,1,0,1,1
425,Une femme,26.0,0,0,0,0,0,0,0
426,Une femme,67.0,1,1,1,1,1,1,1
427,Une femme,30.0,0,0,0,0,0,0,0
428,Une femme,24.0,0,0,0,0,0,0,0
429,Un homme,59.0,-2,-2,-2,-2,-2,-2,-2
430,Une femme,48.0,1,1,1,-1,0,1,0
431,Un homme,42.0,1,2,0,1,1,0,-1
432,Un homme,40.0,1,1,2,1,-1,1,-1
433,Un homme,50.0,-1,1,-1,-2,-2,-1,1
434,Une femme,39.0,1,1,1,1,1,1,1
435,Une femme,54.0,1,1,1,-1,-1,-1,2
436,Un homme,77.0,1,-2,-1,-2,-1,-1,-1
437,Un homme,52.0,1,1,1,1,1,-1,1
438,Un homme,80.0,1,1,1,-1,-1,2,2
439,Une femme,24.0,2,1,-1,1,2,1,1
440,Une femme,67.0,-1,-1,1,1,-1,1,1
441,Un homme,79.0,0,1,1,1,1,0,1
442,Un homme,42.0,1,1,1,1,1,-1,1
443,Une femme,32.0,1,0,0,0,-1,-1,2
444,Une femme,52.0,1,1,0,-1,-2,-1,0
445,Une femme,30.0,2,-1,2,-2,-2,2,2
446,Un homme,27.0,1,1,1,2,-1,1,-2
447,Une femme,71.0,2,2,2,2,2,2,2
448,Un homme,49.0,1,0,2,0,0,0,0
449,Un homme,23.0,1,2,2,1,-1,1,-1
450,Une femme,25.0,1,1,1,1,-1,1,1
451,Un homme,61.0,0,0,1,0,1,0,1
452,Un homme,28.0,-2,2,1,2,1,-1,2
453,Un homme,59.0,1,-1,-1,-1,-1,-1,1
454,Un homme,55.0,1,1,2,2,2,1,1
455,Une femme,50.0,0,0,0,0,0,0,0
456,Un homme,62.0,1,-1,1,2,1,1,1
457,Un homme,50.0,1,1,2,1,2,2,2
458,Une femme,56.0,-1,-1,-1,1,1,1,-1
459,Un homme,64.0,0,1,0,-1,-1,-1,1
460,Une femme,18.0,1,-1,-1,1,-1,1,-1
461,Un homme,64.0,1,-1,1,1,-2,-1,1
462,Un homme,78.0,1,2,1,1,1,1,1
463,Une femme,84.0,-1,1,2,2,1,2,1
464,Un homme,70.0,1,1,1,1,1,1,1
465,Une femme,51.0,1,0,-1,-1,-1,1,0
466,Un homme,56.0,2,1,2,-1,-2,1,2
467,Une femme,52.0,0,1,2,1,0,1,2
468,Une femme,76.0,2,1,2,-1,-1,1,2
469,Une femme,27.0,0,0,0,0,0,0,0
470,Un homme,68.0,2,1,1,0,1,1,1
471,Une femme,29.0,1,1,2,-1,-1,2,1
472,Une femme,77.0,1,-1,1,1,1,-1,1
473,Un homme,53.0,1,-1,1,1,-1,1,-1
474,Une femme,45.0,-1,2,1,2,1,1,1
475,Un homme,77.0,1,2,2,-1,-1,1,1
476,Une femme,22.0,0,0,0,0,0,0,0
477,Une femme,25.0,1,1,1,-1,-1,1,1
478,Un homme,59.0,2,2,2,2,1,2,2
479,Une femme,33.0,1,-1,-1,-1,-2,2,1
480,Un homme,58.0,0,2,0,1,1,-1,1
481,Un homme,61.0,-1,-1,1,1,-1,2,1
482,Une femme,83.0,2,2,2,2,2,2,2
483,Une femme,76.0,-1,-1,1,-1,-1,-1,1
484,Un homme,56.0,1,1,2,-1,-1,1,1
485,Un homme,36.0,1,-1,0,0,0,0,-1
486,Un homme,52.0,-2,-2,2,2,1,1,1
487,Un homme,54.0,-1,1,1,1,1,1,1
488,Une femme,76.0,1,2,1,2,1,-1,1
489,Une femme,37.0,-1,-1,0,-1,-1,-1,-1
490,Une femme,34.0,1,2,2,2,-1,1,1
491,Une femme,70.0,2,-1,1,-1,-2,1,1
492,Un homme,49.0,1,0,2,2,1,0,1
493,Une femme,61.0,-1,-1,1,-2,1,-1,1
494,Une femme,48.0,2,0,1,-1,-1,0,2
495,Un homme,22.0,1,1,1,1,-1,1,1
496,Un homme,37.0,1,0,2,0,-2,0,0
497,Une femme,60.0,1,1,1,1,1,1,1
498,Une femme,67.0,0,1,0,1,0,0,1
499,Une femme,76.0,1,1,2,2,-1,1,2
500,Un homme,75.0,1,2,1,2,1,1,1
501,Un homme,48.0,-2,2,2,2,2,-2,2
502,Une femme,34.0,-1,-2,1,1,-2,0,1
503,Un homme,76.0,1,1,2,-1,-1,1,1
504,Une femme,66.0,1,1,0,-1,-1,0,1
505,Une femme,68.0,1,1,1,1,1,1,1
506,Une femme,56.0,1,1,2,1,0,1,2
507,Une femme,39.0,-1,1,2,0,0,0,1
508,Une femme,82.0,2,1,2,1,1,-1,2
509,Un homme,34.0,1,1,-1,1,-1,1,1
510,Une femme,54.0,1,-1,-1,1,1,0,0
511,Un homme,78.0,1,-1,-1,1,1,1,1
512,Un homme,77.0,1,-1,1,-1,-1,1,-1
513,Une femme,34.0,1,2,-1,-1,-1,1,1
514,Une femme,81.0,2,2,1,1,1,1,2
515,Une femme,55.0,2,-1,1,-1,-1,1,2
516,Une femme,62.0,0,2,2,2,0,1,2
517,Un homme,28.0,1,1,1,1,2,1,-1
518,Une femme,65.0,1,-1,2,2,2,1,-1
519,Un homme,73.0,2,0,1,-1,-2,2,-1
520,Un homme,53.0,1,-1,2,2,1,1,1
521,Une femme,49.0,0,0,0,0,0,0,0
522,Une femme,49.0,2,2,1,1,1,2,1
523,Un homme,32.0,1,-1,-1,1,-1,-1,1
524,Une femme,55.0,1,1,1,1,1,1,1
525,Une femme,31.0,0,0,0,0,0,0,0
526,Un homme,66.0,2,1,1,0,1,-1,1
527,Un homme,51.0,1,-2,2,2,-1,1,1
528,Une femme,75.0,1,1,2,1,-1,1,1
529,Un homme,36.0,1,1,1,-1,-1,1,-1
530,Un homme,41.0,0,0,0,0,0,0,0
531,Une femme,71.0,-1,-1,2,1,1,-2,-1
532,Une femme,76.0,1,2,2,1,-2,1,-1
533,Un homme,27.0,-1,-1,-2,-1,-2,-2,1
534,Un homme,32.0,-1,-1,1,-1,-1,1,-1
535,Un homme,59.0,1,1,1,1,1,1,1
536,Un homme,49.0,1,1,-1,-1,1,1,1
537,Un homme,46.0,1,-1,1,1,1,1,1
538,Une femme,75.0,1,2,2,-2,-2,2,-1
539,Un homme,23.0,1,1,1,-1,1,1,1
540,Une femme,41.0,1,1,2,1,1,2,1
541,Un homme,56.0,2,1,1,1,1,-1,2
542,Une femme,50.0,-1,-1,-1,-1,-1,-1,-1
543,Une femme,77.0,1,1,2,1,1,1,2
544,Une femme,74.0,1,-1,1,1,-1,1,1
545,Une femme,18.0,1,0,1,0,0,1,0
546,Une femme,48.0,1,-1,-1,2,-2,2,-2
547,Un homme,44.0,1,1,1,-2,-2,2,2
548,Une femme,34.0,1,1,1,1,1,1,1
549,Une femme,68.0,1,1,1,-1,-1,-1,1
550,Une femme,34.0,-1,1,2,1,1,1,1
551,Une femme,42.0,-2,-2,-2,-2,-2,-2,-2
552,Un homme,25.0,1,-1,2,2,-1,1,2
553,Une femme,45.0,1,1,1,-1,1,1,1
554,Un homme,47.0,1,-1,0,-2,0,-1,-1
555,Un homme,24.0,1,1,0,-1,-1,1,1
556,Une femme,54.0,-2,1,2,2,2,-1,-2
557,Une femme,26.0,1,1,2,2,2,0,1
558,Une femme,35.0,1,-1,1,1,0,1,0
559,Une femme,25.0,1,1,1,1,1,1,1
560,Une femme,34.0,2,0,0,1,-1,0,1
561,Un homme,55.0,-1,1,1,2,-2,2,1
562,Un homme,57.0,2,1,1,1,1,2,2
563,Une femme,29.0,1,2,1,1,1,1,2
564,Une femme,27.0,-1,-1,-1,-1,1,-1,-1
565,Une femme,29.0,2,2,1,2,1,1,2
566,Un homme,24.0,1,1,1,2,1,-1,1
567,Une femme,20.0,1,2,2,2,1,2,1
568,Une femme,21.0,1,1,1,2,1,2,1
569,Un homme,60.0,1,-1,-1,-1,1,1,2
570,Une femme,74.0,2,1,2,2,-1,1,1
571,Un homme,58.0,1,-1,1,-1,-1,-1,1
572,Une femme,45.0,1,1,1,-1,-1,-1,0
573,Une femme,77.0,-1,0,1,1,-1,1,2
574,Une femme,46.0,2,2,2,2,2,2,2
575,Un homme,54.0,-1,1,2,1,1,1,0
576,Une femme,77.0,2,1,1,1,1,-1,1
577,Un homme,19.0,1,-1,-1,-2,-1,-2,-1
578,Un homme,44.0,1,1,1,2,1,1,1
579,Une femme,53.0,1,1,1,2,1,1,1
580,Une femme,18.0,0,0,0,0,0,0,0
581,Un homme,52.0,2,1,0,-1,1,2,2
582,Un homme,20.0,1,1,-1,-1,-2,1,-1
583,Un homme,20.0,-1,-1,1,1,1,0,0
584,Un homme,41.0,1,1,1,1,-1,1,1
585,Un homme,62.0,2,-1,1,-2,-2,1,1
586,Une femme,44.0,-1,-1,-1,1,1,1,1
587,Une femme,31.0,1,-1,1,-1,1,-1,1
588,Un homme,69.0,0,0,1,0,0,1,0
589,Une femme,50.0,2,-1,2,-1,-1,1,1
590,Une femme,18.0,0,0,0,0,0,0,0
591,Un homme,77.0,-1,-1,-1,1,1,-1,-1
592,Un homme,21.0,-1,2,2,2,1,1,-1
593,Une femme,44.0,-1,-1,2,1,1,-1,1
594,Un homme,25.0,1,1,1,-1,-1,1,-1
595,Une femme,78.0,1,0,-1,-1,-1,-2,2
596,Une femme,37.0,1,0,0,-1,-1,0,-1
597,Une femme,20.0,0,0,0,0,0,0,0
598,Une femme,64.0,1,2,2,-1,-1,2,2
599,Une femme,24.0,1,1,1,1,1,-1,1
600,Une femme,26.0,1,1,2,0,0,1,1
601,Un homme,74.0,1,2,2,-1,1,1,2
602,Une femme,60.0,1,1,1,1,1,2,1
603,Un homme,32.0,-1,2,-2,1,-1,-1,-1
604,Un homme,56.0,1,1,1,2,1,1,1
605,Un homme,26.0,1,-1,1,-1,-1,2,-1
606,Un homme,66.0,1,-1,-1,-1,-1,-1,0
607,Une femme,24.0,1,-1,0,0,0,1,1
608,Un homme,20.0,1,2,2,-1,1,1,-1
609,Une femme,20.0,-1,0,-2,1,0,1,0
610,Un homme,23.0,1,-1,-2,2,-1,1,-1
611,Une femme,72.0,2,2,2,1,1,1,1
612,Une femme,50.0,2,-2,1,-2,1,2,1
613,Un homme,66.0,2,2,2,2,2,2,2
614,Un homme,52.0,1,-1,1,1,2,2,2
615,Un homme,20.0,1,1,1,1,-1,-1,2
616,Une femme,37.0,-1,1,2,1,-1,1,1
617,Une femme,20.0,1,0,1,1,1,1,1
618,Une femme,54.0,-1,2,2,1,1,1,2
619,Un homme,54.0,1,1,2,0,1,1,0
620,Un homme,76.0,2,2,2,-2,2,-2,2
621,Une femme,54.0,1,1,1,1,1,1,1
622,Un homme,59.0,0,1,2,1,0,1,1
623,Un homme,41.0,2,2,-2,2,2,2,2
624,Un homme,52.0,1,1,1,1,1,2,2
625,Une femme,32.0,-1,1,1,1,1,1,1
626,Une femme,53.0,0,0,0,0,0,0,1
627,Un homme,42.0,1,1,2,0,1,1,1
628,Une femme,76.0,1,-2,1,-2,-2,-1,0
629,Une femme,53.0,0,1,2,0,1,2,1
630,Une femme,34.0,1,1,1,1,1,1,1
631,Une femme,43.0,1,0,1,1,1,-1,0
632,Un homme,77.0,2,1,2,1,1,2,1
633,Une femme,67.0,2,-1,-1,-1,-1,2,1
634,Une femme,71.0,1,1,-1,-1,1,1,1
635,Un homme,55.0,1,1,1,1,-1,-1,1
636,Un homme,45.0,-1,1,1,-1,-1,0,1
637,Un homme,59.0,1,1,2,2,-1,-1,1
638,Un homme,65.0,1,0,1,0,0,1,0
639,Un homme,75.0,1,-1,1,-1,-1,-2,-1
640,Une femme,44.0,2,2,1,2,2,1,1
641,Un homme,75.0,2,2,1,-1,-1,2,1
642,Une femme,31.0,1,-1,1,-1,-1,1,1
643,Une femme,78.0,1,0,-1,-1,-1,2,1
644,Une femme,81.0,1,-2,-1,-1,-2,-1,1
645,Un homme,50.0,1,2,2,1,1,1,2
646,Un homme,38.0,1,1,1,-1,-1,1,2
647,Une femme,61.0,-1,2,2,2,-1,1,2
648,Une femme,68.0,1,1,1,-1,-1,1,1
649,Une femme,50.0,1,-1,1,-1,1,1,1
650,Un homme,51.0,2,2,1,1,1,1,2
651,Une femme,75.0,1,1,1,2,1,2,2
652,Une femme,35.0,1,2,-1,-1,-1,1,2
653,Une femme,29.0,-2,-1,1,-2,1,2,1
654,Une femme,67.0,1,-1,2,1,1,-1,2
655,Un homme,59.0,2,1,1,-1,2,1,1
656,Un homme,20.0,0,0,1,1,1,0,1
657,Un homme,34.0,-2,-2,2,2,-2,0,2
658,Une femme,50.0,1,2,2,-1,-1,1,2
659,Un homme,32.0,1,-1,1,1,0,1,-1
660,Une femme,42.0,2,1,1,2,1,-1,2
661,Une femme,86.0,-1,1,1,-1,-1,-1,2
662,Un homme,78.0,1,1,2,1,1,-1,2
663,Un homme,71.0,1,2,1,-1,1,1,1
664,Un homme,62.0,-1,1,2,1,2,1,1
665,Un homme,18.0,2,-2,2,-2,2,2,2
666,Une femme,21.0,1,1,1,-1,1,1,1
667,Une femme,33.0,0,0,0,0,0,0,0
668,Une femme,78.0,1,0,1,0,0,1,1
669,Un homme,71.0,1,1,1,2,1,-1,1
670,Une femme,60.0,1,1,2,1,1,2,2
671,Une femme,75.0,1,1,2,1,-1,1,1
672,Une femme,76.0,1,0,0,0,0,1,1
673,Un homme,75.0,2,1,2,1,1,1,1
674,Une femme,75.0,1,2,2,1,2,2,2
675,Une femme,78.0,1,1,1,1,1,1,1
676,Une femme,20.0,2,-1,2,1,1,1,1
677,Un homme,39.0,2,-1,1,-1,-1,1,1
678,Une femme,41.0,-1,2,2,2,2,2,1
679,Un homme,49.0,1,1,1,1,1,1,1
680,Un homme,45.0,0,1,1,1,0,1,-1
681,Un homme,46.0,0,0,0,0,0,0,0
682,Une femme,63.0,1,1,-2,-1,-2,1,-1
683,Un homme,78.0,2,1,-1,-2,-1,2,-1
684,Une femme,38.0,1,1,1,0,0,0,0
685,Une femme,21.0,2,1,1,1,-1,0,-1
686,Un homme,26.0,1,0,1,1,0,0,1
687,Une femme,49.0,1,1,1,-2,-2,1,1
688,Une femme,30.0,1,1,-1,1,1,2,2
689,Un homme,52.0,1,0,1,0,1,0,-1
690,Une femme,27.0,2,-2,2,-1,-2,1,1
691,Un homme,27.0,1,0,2,1,0,1,1
692,Une femme,67.0,1,1,-1,-1,-1,-1,-1
693,Une femme,57.0,2,1,1,-1,-1,1,1
694,Un homme,57.0,1,-1,1,1,-1,1,-1
695,Un homme,74.0,2,1,2,1,2,1,2
696,Un homme,70.0,0,0,0,0,0,0,1
697,Une femme,54.0,1,1,2,1,-2,2,2
698,Une femme,57.0,-1,1,0,-1,-1,1,1
699,Une femme,78.0,1,1,1,1,1,1,1
700,Une femme,43.0,1,2,-1,-1,0,0,-1
701,Une femme,32.0,0,1,1,1,1,0,1
702,Une femme,45.0,1,1,1,-1,-1,1,1
703,Une femme,42.0,2,0,1,0,0,0,2
704,Une femme,43.0,2,1,1,1,1,1,-1
705,Un homme,37.0,1,1,-1,2,1,1,2
706,Une femme,60.0,1,-1,1,1,-1,1,1
707,Un homme,19.0,2,0,1,-2,-2,-1,1
708,Une femme,67.0,1,1,1,-1,-1,1,1
709,Une femme,66.0,1,2,1,1,1,2,1
710,Une femme,44.0,1,-1,1,-1,0,0,-1
711,Un homme,22.0,1,1,1,1,1,1,1
712,Un homme,34.0,1,1,1,2,1,2,1
713,Un homme,75.0,1,1,2,2,-2,-1,0
714,Une femme,46.0,2,1,1,1,1,-1,2
715,Un homme,46.0,0,0,1,0,1,0,1
716,Un homme,56.0,2,2,2,0,0,0,2
717,Un homme,31.0,1,1,-1,1,1,1,2
718,Une femme,52.0,2,1,1,1,-1,2,2
719,Une femme,65.0,2,2,1,1,1,1,1
720,Un homme,39.0,1,1,-2,-1,-1,1,1
721,Un homme,70.0,2,1,1,2,1,1,2
722,Un homme,40.0,2,-2,2,-2,-2,2,2
723,Un homme,19.0,-1,1,2,0,-2,1,2
724,Une femme,47.0,1,1,1,-1,1,2,-1
725,Une femme,33.0,2,2,2,2,2,2,2
726,Une femme,53.0,0,0,0,0,0,0,0
727,Une femme,18.0,0,0,0,0,0,0,0
728,Un homme,19.0,1,1,-1,0,1,-2,-2
729,Une femme,75.0,1,2,2,2,1,1,2
730,Une femme,29.0,2,2,1,-1,-1,2,2
731,Un homme,57.0,1,1,2,-1,1,1,2
732,Une femme,58.0,1,1,2,1,2,1,1
733,Une femme,53.0,1,-1,1,-1,1,1,1
734,Une femme,47.0,1,1,-1,-1,-1,1,1
735,Un homme,41.0,1,1,2,1,1,1,-1
736,Une femme,47.0,2,2,2,1,1,1,1
737,Un homme,75.0,0,1,1,1,-2,-2,-2
738,Un homme,39.0,1,-1,1,-1,0,1,1
739,Un homme,76.0,0,1,1,1,1,0,1
740,Un homme,32.0,1,-1,1,-1,1,1,2
741,Une femme,63.0,1,-1,1,-1,-1,0,0
742,Un homme,41.0,1,-1,1,1,1,1,1
743,Une femme,22.0,2,1,2,-1,1,2,2
744,Une femme,31.0,1,1,2,1,1,-1,1
745,Un homme,70.0,1,1,-2,-2,-2,-1,-2
746,Un homme,18.0,1,1,1,1,1,1,1
747,Une femme,34.0,-1,1,0,0,0,0,1
748,Un homme,74.0,2,1,1,1,1,1,2
749,Un homme,40.0,1,2,2,-1,1,-2,1
750,Une femme,65.0,0,2,2,2,-1,2,2
751,Un homme,22.0,1,-1,1,-1,-1,-1,1
752,Un homme,44.0,1,0,2,2,1,0,1
753,Un homme,44.0,1,1,1,2,1,2,2
754,Une femme,50.0,1,-1,1,-1,-1,2,1
755,Un homme,41.0,1,1,1,1,-1,1,1
756,Une femme,70.0,-1,-1,-1,-1,-1,-1,-1
757,Une femme,74.0,1,1,0,1,1,1,1
758,Une femme,74.0,2,-1,0,-1,-1,2,0
759,Un homme,23.0,-1,-1,2,1,-1,-1,-1
760,Une femme,23.0,0,0,1,1,1,1,1
761,Une femme,25.0,2,-1,-1,2,2,2,-1
762,Un homme,44.0,1,-1,0,-1,-2,0,-1
763,Un homme,23.0,1,-1,1,-1,0,1,1
764,Une femme,76.0,1,1,1,1,1,1,1
765,Une femme,54.0,1,1,1,1,0,1,-1
766,Un homme,25.0,-1,-1,-1,-1,-1,-1,-1
767,Une femme,77.0,2,2,1,-2,-2,1,2
768,Un homme,53.0,1,1,-2,1,1,-1,1
769,Une femme,82.0,1,1,1,-1,-1,1,1
770,Un homme,22.0,2,2,2,2,2,2,2
771,Un homme,43.0,1,1,-1,-1,-1,-1,1
772,Une femme,56.0,1,-2,1,1,-1,1,1
773,Une femme,66.0,0,0,1,1,1,1,1
774,Une femme,77.0,1,0,0,-1,-1,1,1
775,Une femme,33.0,1,2,1,-2,1,2,-1
776,Une femme,31.0,1,1,2,2,1,1,1
777,Un homme,65.0,2,1,1,1,-1,2,1
778,Une femme,76.0,1,1,1,0,0,0,1
779,Un homme,22.0,1,1,2,-1,0,2,1
780,Une femme,19.0,1,1,-1,1,-2,2,2
781,Une femme,31.0,1,1,-1,1,1,-1,-1
782,Un homme,39.0,0,0,1,0,0,0,2
783,Un homme,45.0,-1,-1,1,-1,-1,0,1
784,Une femme,65.0,1,1,0,1,1,1,1
785,Une femme,56.0,1,1,1,1,1,1,1
786,Une femme,83.0,2,1,1,2,2,1,1
787,Une femme,54.0,1,-1,-2,-1,-2,1,1
788,Une femme,24.0,1,2,2,-1,1,2,2
789,Un homme,50.0,1,1,1,1,1,1,1
790,Une femme,44.0,1,0,0,0,0,0,1
791,Un homme,49.0,1,1,1,1,1,1,1
792,Une femme,76.0,2,2,1,1,1,2,2
793,Une femme,24.0,1,-1,-1,-1,1,-1,-1
794,Une femme,66.0,-1,-1,-1,-1,-1,-1,-1
795,Un homme,73.0,1,1,1,-1,-1,-1,-1
796,Une femme,48.0,2,1,1,-2,-1,-1,1
797,Un homme,28.0,2,1,2,1,1,1,1
798,Une femme,33.0,1,1,1,1,1,1,1
799,Une femme,51.0,0,0,0,1,0,0,0
800,Un homme,44.0,1,0,2,1,0,-1,1
801,Une femme,75.0,1,0,0,1,1,0,2
802,Un homme,69.0,1,1,2,-1,-2,2,2
803,Une femme,39.0,1,1,-1,1,1,-1,2
804,Une femme,68.0,0,0,0,0,0,0,0
805,Une femme,74.0,2,2,2,1,2,1,2
806,Une femme,75.0,2,1,1,2,1,1,1
807,Une femme,19.0,1,0,-2,-1,1,1,2
808,Une femme,43.0,2,-2,2,2,-1,1,1
809,Une femme,54.0,1,1,1,1,1,1,2
810,Un homme,42.0,1,-1,1,-1,-1,1,1
811,Une femme,47.0,-1,1,2,-1,-2,1,-2
812,Un homme,50.0,-2,-1,2,2,-1,1,-1
813,Un homme,55.0,-1,1,1,1,-2,-1,1
814,Un homme,32.0,0,0,0,0,0,0,0
815,Une femme,42.0,-2,2,2,2,2,1,1
816,Un homme,24.0,0,0,0,0,0,0,0
817,Une femme,18.0,0,0,0,0,0,0,0
818,Une femme,21.0,-1,-1,1,2,2,-1,-1
819,Un homme,74.0,1,1,1,1,1,1,1
820,Une femme,40.0,2,1,1,-2,-2,2,2
821,Un homme,46.0,2,1,1,-1,2,2,1
822,Un homme,71.0,1,-1,1,-1,-1,1,1
823,Une femme,21.0,1,1,2,-1,-1,1,2
824,Un homme,51.0,1,1,2,-1,-1,1,2
825,Un homme,77.0,1,0,1,2,-1,1,2
826,Un homme,75.0,1,1,1,2,1,1,1
827,Une femme,80.0,1,1,2,-1,1,0,2
828,Une femme,71.0,-1,1,2,1,1,2,1
829,Une femme,36.0,0,0,0,0,0,0,0
830,Une femme,50.0,1,1,1,1,1,1,1
831,Une femme,27.0,2,2,2,2,2,2,2
832,Une femme,27.0,1,2,2,0,-1,2,1
833,Un homme,48.0,1,2,2,1,2,-1,1
834,Un homme,23.0,1,1,1,1,-1,1,-1
835,Une femme,61.0,2,-1,1,-1,-1,-1,-1
836,Un homme,55.0,1,1,1,2,1,1,1
837,Une femme,72.0,2,0,2,-1,-1,2,2
838,Une femme,32.0,1,-1,1,-1,-1,1,1
839,Une femme,75.0,1,1,1,1,-1,1,1
840,Un homme,24.0,0,0,1,0,-1,0,-1
841,Une femme,76.0,1,1,1,1,1,1,1
842,Une femme,69.0,2,0,0,-1,0,1,1
843,Un homme,46.0,1,1,1,1,1,1,1
844,Un homme,57.0,1,1,2,1,2,1,2
845,Un homme,51.0,1,2,2,2,2,2,-1
846,Une femme,20.0,1,2,2,1,-2,1,2
847,Un homme,56.0,2,1,1,1,1,-1,1
848,Une femme,33.0,1,1,1,1,1,1,1
849,Un homme,80.0,1,-1,2,1,-1,1,1
850,Un homme,78.0,1,-2,1,-2,-2,1,2
851,Une femme,44.0,1,1,1,-1,1,1,1
852,Une femme,43.0,0,1,2,0,1,-2,2
853,Un homme,39.0,1,-2,1,-1,-1,1,1
854,Un homme,60.0,2,2,2,2,1,1,2
855,Un homme,47.0,-1,-1,2,1,1,1,-1
856,Un homme,48.0,1,-1,-1,1,1,1,0
857,Un homme,66.0,1,2,1,-1,-1,1,2
858,Une femme,86.0,1,-1,-1,-1,-1,1,1
859,Une femme,23.0,1,1,1,-1,-1,1,1
860,Une femme,69.0,1,1,1,-1,0,1,0
861,Un homme,81.0,1,1,2,-1,0,1,1
862,Un homme,62.0,1,1,1,1,1,1,-1
863,Une femme,48.0,0,0,0,0,0,0,0
864,Une femme,47.0,-1,1,2,1,-1,1,1
865,Un homme,52.0,2,0,0,-1,-2,1,-2
866,Un homme,63.0,1,-1,0,0,-1,0,-2
867,Un homme,53.0,-2,2,2,2,1,1,-2
868,Une femme,45.0,0,0,0,0,0,0,0
869,Un homme,22.0,-1,1,2,2,-2,-2,-1
870,Une femme,58.0,2,0,2,-1,-1,2,-1
871,Un homme,33.0,2,-1,2,1,1,2,2
872,Un homme,69.0,1,1,1,-1,-1,-1,-2
873,Une femme,49.0,2,-1,1,-2,-2,1,1
874,Une femme,39.0,1,-2,1,-1,-2,1,1
875,Une femme,55.0,2,2,2,2,2,2,-1
876,Un homme,44.0,1,1,1,1,1,1,1
877,Une femme,70.0,1,1,1,1,1,1,1
878,Un homme,22.0,1,-2,2,-1,-2,2,1
879,Une femme,30.0,1,-1,1,1,1,1,1
880,Une femme,20.0,1,-1,1,-2,-1,0,-1
881,Un homme,24.0,0,0,0,0,0,0,0
882,Une femme,20.0,-1,-1,-1,-1,-1,-1,-1
883,Un homme,22.0,0,-1,1,-1,0,1,1
884,Une femme,30.0,1,1,1,1,2,2,2
885,Un homme,66.0,2,2,1,2,2,2,2
886,Une femme,53.0,1,-1,1,-1,1,1,1
887,Une femme,61.0,1,0,2,1,2,1,0
888,Un homme,21.0,1,-1,1,1,-1,-1,-1
889,Un homme,39.0,1,1,1,1,1,1,1
890,Une femme,38.0,1,1,2,-2,1,2,2
891,Une femme,36.0,1,1,0,-1,0,0,2
892,Une femme,19.0,1,0,1,0,-1,1,0
893,Une femme,44.0,0,0,0,0,0,0,0
894,Une femme,30.0,1,-1,1,-1,1,-1,-1
895,Un homme,20.0,1,1,1,-1,-1,1,-1
896,Un homme,35.0,1,-1,1,1,1,0,0
897,Une femme,53.0,2,-1,0,-1,-1,-1,0
898,Un homme,71.0,1,2,2,-1,-1,1,-1
899,Une femme,58.0,1,1,2,1,1,2,1
900,Une femme,39.0,1,1,1,1,1,1,1
901,Une femme,46.0,1,-1,1,1,-1,1,-1
902,Un homme,34.0,1,1,1,1,1,1,1
903,Un homme,42.0,1,1,-1,1,1,1,-1
904,Un homme,56.0,-1,1,-1,-1,-1,1,-1
905,Une femme,75.0,1,1,1,1,1,1,1
906,Un homme,67.0,1,-1,1,0,0,1,1
907,Une femme,24.0,1,1,1,-1,1,-1,-1
908,Un homme,23.0,1,1,1,1,-1,1,-1
909,Une femme,24.0,-1,1,1,-1,-1,-1,-1
910,Une femme,71.0,1,0,1,-1,1,1,1
911,Une femme,52.0,1,1,1,1,1,1,1
912,Une femme,26.0,-2,-1,-1,-2,-2,0,-2
913,Une femme,37.0,0,0,0,0,0,0,0
914,Une femme,48.0,1,1,1,-1,-1,1,2
915,Une femme,54.0,-1,1,1,1,1,1,1
916,Une femme,35.0,1,1,-2,1,1,-1,-1
917,Une femme,72.0,1,2,2,-1,2,2,2
918,Un homme,76.0,2,2,-2,-2,-2,1,-2
919,Un homme,19.0,0,0,1,1,-1,1,0
920,Une femme,71.0,2,2,2,-1,-1,2,2
921,Une femme,22.0,1,1,0,0,-1,-1,1
922,Un homme,71.0,1,-1,-2,-1,1,-2,-2
923,Une femme,46.0,-1,1,1,2,-1,-1,1
924,Un homme,39.0,1,2,1,-1,1,1,2
925,Un homme,20.0,1,1,0,-2,1,1,1
926,Une femme,76.0,1,-1,2,1,1,1,0
927,Un homme,42.0,1,1,1,1,1,1,1
928,Un homme,55.0,1,1,1,1,1,1,-1
929,Un homme,79.0,1,-2,2,-1,-2,1,1
930,Un homme,54.0,1,1,1,1,1,1,1
931,Une femme,50.0,1,1,1,1,1,1,0
932,Un homme,81.0,2,2,2,2,1,1,2
933,Une femme,56.0,1,0,2,1,0,0,0
934,Une femme,72.0,1,1,2,1,1,1,2
935,Une femme,48.0,1,1,1,1,-1,1,-1
936,Une femme,37.0,2,0,1,-1,1,1,1
937,Une femme,35.0,1,1,0,0,1,1,-1
938,Un homme,50.0,1,-2,1,1,-2,2,2
939,Une femme,41.0,1,0,-1,0,0,0,0
940,Un homme,52.0,0,-1,2,0,0,0,0
941,Un homme,26.0,1,1,2,-2,-1,2,1
942,Un homme,19.0,1,1,1,-2,-1,1,2
943,Une femme,47.0,0,2,2,1,1,1,1
944,Une femme,59.0,0,1,2,2,1,2,2
945,Un homme,44.0,1,-2,-1,-2,-2,1,1
946,Un homme,48.0,1,1,2,-2,-1,2,2
947,Un homme,51.0,-1,-1,1,1,-1,-1,1
948,Une femme,32.0,0,0,0,0,0,0,1
949,Un homme,57.0,2,1,2,0,0,1,1
950,Une femme,58.0,1,-1,1,-1,-1,1,1
951,Un homme,47.0,1,-1,1,1,1,-1,2
952,Un homme,46.0,-2,-2,-2,-2,-2,-2,-2
953,Une femme,19.0,1,0,1,2,1,-1,-1
954,Une femme,62.0,2,1,1,1,1,1,1
955,Un homme,58.0,0,0,0,0,0,0,0
956,Un homme,59.0,-1,1,1,1,1,1,-1
957,Une femme,41.0,1,0,1,-1,-1,1,1
958,Une femme,65.0,1,-1,2,-1,-1,1,1
959,Un homme,39.0,1,-1,1,2,1,1,2
960,Un homme,55.0,2,-2,-2,-2,0,2,1
961,Un homme,50.0,2,-2,2,-2,-1,1,2
962,Une femme,47.0,-1,1,2,2,1,2,1
963,Une femme,50.0,1,0,0,0,0,0,0
964,Une femme,20.0,1,1,1,1,0,0,1
965,Une femme,56.0,1,1,1,1,1,1,1
966,Une femme,74.0,1,-2,0,1,-1,-1,0
967,Un homme,32.0,2,2,1,-2,-1,2,2
968,Un homme,39.0,1,-1,2,1,1,1,1
969,Un homme,22.0,2,-1,1,-2,-2,1,2
970,Une femme,33.0,1,1,-1,1,-1,1,1
971,Un homme,69.0,1,1,1,1,1,1,1
972,Une femme,25.0,1,0,1,-1,1,0,1
973,Une femme,24.0,2,-1,-1,-1,-1,1,1
974,Un homme,76.0,1,1,2,1,-1,2,1
975,Un homme,48.0,-1,-1,-2,-1,-1,-2,-1
976,Une femme,57.0,1,2,2,1,1,2,2
977,Un homme,56.0,1,2,2,2,2,1,2
978,Une femme,60.0,1,-1,2,-1,-1,1,1
979,Un homme,57.0,0,2,2,1,-2,2,2
980,Une femme,40.0,1,0,-2,-1,0,-1,1
981,Un homme,35.0,1,1,1,-1,-1,1,-1
982,Une femme,46.0,2,1,1,1,1,0,-1
983,Une femme,50.0,0,0,0,0,0,0,0
984,Un homme,33.0,1,1,-1,2,1,1,2
985,Une femme,56.0,1,2,2,2,2,2,2
986,Un homme,33.0,1,1,2,1,1,1,2
987,Un homme,24.0,-2,-2,2,2,1,-1,0
988,Une femme,47.0,0,1,0,2,0,0,0
989,Une femme,78.0,2,1,1,1,1,1,1
990,Une femme,29.0,1,1,2,-1,1,1,1
991,Une femme,47.0,2,2,2,2,2,2,2
992,Un homme,79.0,2,1,-2,-1,-1,-1,1
993,Une femme,20.0,1,1,2,-2,1,0,0
994,Un homme,46.0,1,1,1,1,1,-1,1
995,Un homme,23.0,-1,0,1,-1,1,2,1
996,Une femme,48.0,1,1,1,1,1,-1,1
997,Une femme,49.0,1,2,2,-1,0,2,0
998,Un homme,28.0,1,2,1,1,-2,2,-1
999,Un homme,68.0,2,1,0,1,-1,1,2
1000,Un homme,21.0,1,1,1,1,1,1,1
1001,Une femme,55.0,1,0,-1,-1,-1,-2,2
1002,Une femme,29.0,0,0,0,0,0,0,1
1003,Une femme,54.0,1,1,1,1,-1,-1,1
1004,Une femme,23.0,2,-1,1,1,-1,1,1
1005,Une femme,51.0,0,0,1,0,0,0,0
1006,Une femme,62.0,0,0,0,0,0,0,0
1007,Une femme,32.0,1,1,1,1,1,1,1
1008,Une femme,22.0,0,0,0,0,0,0,0
1009,Une femme,18.0,1,1,0,-2,-1,1,1
1010,Une femme,24.0,2,1,-1,2,-2,-1,2
1011,Une femme,38.0,1,0,1,0,0,1,1
1012,Une femme,29.0,1,1,-1,-1,1,1,1
1013,Un homme,40.0,1,1,2,1,1,1,1
1014,Un homme,20.0,2,-1,-1,-1,-1,-1,1
1015,Un homme,21.0,1,1,-1,1,-1,-2,1
1016,Une femme,53.0,1,0,1,1,0,1,1
1017,Un homme,21.0,1,-1,2,1,1,2,1
1018,Une femme,77.0,1,1,1,1,-1,1,1
1019,Un homme,52.0,2,2,2,2,2,2,2
1020,Une femme,83.0,2,1,2,1,2,1,1
1021,Un homme,42.0,0,0,0,0,0,0,0
1022,Une femme,24.0,0,1,-1,1,1,1,1
1023,Un homme,24.0,-2,-2,-1,-1,-2,-2,-2
1024,Une femme,42.0,-1,1,2,-1,2,1,1
1025,Un homme,59.0,0,0,2,-2,0,0,0
1026,Une femme,67.0,1,1,1,-1,1,1,2
1027,Une femme,78.0,1,1,1,1,-1,1,1
1028,Un homme,38.0,1,1,2,-1,0,1,1
1029,Un homme,60.0,0,0,0,0,0,0,0
1030,Une femme,75.0,2,2,2,1,1,1,2
1031,Une femme,50.0,1,1,1,1,1,1,1
1032,Une femme,69.0,2,1,1,-1,1,-1,1
1033,Un homme,30.0,1,1,2,1,-1,1,0
1034,Une femme,49.0,1,-1,1,1,-1,1,1
1035,Une femme,35.0,-1,-1,1,1,1,1,1
1036,Une femme,79.0,1,-1,1,1,1,1,-1
1037,Un homme,54.0,2,-1,1,-1,-2,-1,2
1038,Une femme,39.0,-1,0,1,0,0,0,0
1039,Un homme,68.0,-1,2,2,1,1,1,1
1040,Un homme,76.0,1,1,1,-1,-1,1,1
1041,Un homme,52.0,2,1,1,1,1,1,1
1042,Un homme,45.0,1,1,1,1,1,1,1
1043,Une femme,55.0,2,0,0,-2,-2,0,0
1044,Une femme,49.0,1,0,1,1,0,0,-2
1045,Un homme,32.0,-1,1,0,2,1,0,0
1046,Un homme,75.0,1,0,-1,0,1,1,1
1047,Un homme,27.0,-1,-1,1,-1,-1,-1,-1
1048,Un homme,76.0,1,0,2,-1,1,2,1
1049,Un homme,58.0,1,-2,-1,0,-1,0,2
1050,Une femme,47.0,1,2,1,-1,1,2,1
1051,Une femme,78.0,2,1,1,-1,2,2,1
1052,Un homme,34.0,1,-2,1,-1,-1,-1,-1
1053,Un homme,69.0,-1,2,2,1,-1,2,2
1054,Un homme,49.0,1,1,2,2,1,1,2
1055,Une femme,46.0,-1,2,0,1,1,-2,-1
1056,Un homme,75.0,1,1,1,1,1,1,1
1057,Une femme,76.0,1,1,2,-1,1,2,2
1058,Un homme,67.0,2,1,2,-2,-1,-1,2
1059,Un homme,30.0,1,-1,0,1,-1,1,-1
1060,Un homme,57.0,-2,2,2,2,2,2,2
1061,Un homme,51.0,0,0,0,0,0,0,0
1062,Une femme,67.0,1,-1,1,-1,-1,-1,1
1063,Une femme,33.0,1,1,1,1,1,-1,1
1064,Une femme,75.0,1,0,0,0,0,0,1
1065,Une femme,23.0,1,2,2,2,0,1,-1
1066,Un homme,73.0,1,1,1,1,-1,1,2
1067,Une femme,40.0,-1,-1,-1,1,1,1,1
1068,Un homme,39.0,-1,1,2,-1,2,1,2
1069,Un homme,53.0,1,1,2,2,1,1,1
1070,Un homme,29.0,1,1,1,-1,-1,1,0
1071,Un homme,56.0,1,1,2,1,1,1,2
1072,Une femme,33.0,-1,1,1,1,1,-1,-1
1073,Une femme,47.0,1,-2,-2,-2,-1,1,2
1074,Un homme,22.0,1,-1,1,1,-1,1,1
1075,Une femme,28.0,1,1,0,0,-1,0,0
1076,Un homme,77.0,1,1,1,1,2,1,2
1077,Une femme,49.0,-1,1,2,0,-2,2,1
1078,Un homme,20.0,1,1,1,-1,-1,2,2
1079,Une femme,27.0,-2,-1,1,2,-2,-1,1
1080,Une femme,24.0,-1,-2,-1,-1,1,1,1
1081,Une femme,43.0,-1,-1,1,1,-1,1,1
1082,Un homme,73.0,1,1,1,1,-1,1,-1
1083,Un homme,59.0,0,0,0,0,0,0,0
1084,Une femme,46.0,1,0,1,1,2,1,2
1085,Un homme,45.0,1,1,1,1,1,1,1
1086,Une femme,50.0,-2,-2,1,0,0,1,1
1087,Un homme,35.0,-1,-1,1,1,-1,1,1
1088,Un homme,27.0,0,0,0,0,0,0,0
1089,Un homme,56.0,-2,-1,2,-1,-1,-1,2
1090,Un homme,20.0,1,-1,1,1,1,1,1
1091,Un homme,34.0,-2,1,2,0,2,-2,0
1092,Un homme,32.0,-2,-2,-2,-2,-2,-2,-2
1093,Une femme,23.0,1,1,-1,1,-1,1,1
1094,Un homme,79.0,1,-1,-1,-1,-1,-1,-1
1095,Un homme,54.0,1,1,1,2,-1,1,1
1096,Une femme,76.0,1,2,1,0,2,2,1
1097,Une femme,23.0,0,1,1,1,0,1,0
1098,Un homme,65.0,1,1,1,1,1,1,1
1099,Un homme,38.0,1,1,1,-1,1,2,1
1100,Un homme,41.0,2,1,1,-2,1,2,1
1101,Un homme,18.0,0,0,0,0,0,0,0
1102,Une femme,24.0,-1,1,-1,-1,1,0,-2
1103,Un homme,23.0,1,-1,-1,-1,-1,1,1
1104,Un homme,32.0,1,2,2,2,-2,2,1
1105,Un homme,47.0,-1,0,2,-1,-1,0,2
1106,Un homme,60.0,1,-1,-1,2,-1,-1,1
1107,Une femme,55.0,1,1,1,-1,-1,1,1
1108,Un homme,32.0,1,1,1,1,2,2,2
1109,Une femme,49.0,1,0,1,0,-1,0,1
1110,Une femme,50.0,1,0,1,-1,-1,2,2
1111,Un homme,33.0,1,-1,0,-1,-1,1,1
1112,Un homme,25.0,1,0,0,0,0,-1,0
1113,Une femme,66.0,1,1,1,1,1,1,1
1114,Une femme,78.0,1,1,1,-1,0,1,1
1115,Une femme,35.0,1,-1,-1,1,1,-1,-1
1116,Un homme,22.0,1,1,1,1,1,2,1
1117,Un homme,37.0,1,1,-1,1,1,1,1
1118,Un homme,80.0,2,2,-1,-1,-1,1,1
1119,Une femme,19.0,1,1,0,-1,-1,-1,-1
1120,Une femme,23.0,1,1,2,2,-1,-2,-1
1121,Une femme,58.0,1,1,1,0,0,2,-1
1122,Une femme,76.0,1,-2,1,2,-1,1,1
1123,Une femme,21.0,2,2,2,-2,1,2,2
1124,Un homme,47.0,1,1,1,1,1,1,1
1125,Une femme,27.0,0,0,0,0,0,0,0
1126,Un homme,63.0,1,2,2,-1,-1,2,1
1127,Une femme,40.0,1,1,1,1,1,-1,-1
1128,Une femme,75.0,2,2,0,2,1,2,1
1129,Une femme,65.0,1,-1,-2,-1,-1,1,1
1130,Un homme,19.0,1,2,-2,-2,1,2,-1
1131,Une femme,43.0,1,1,2,2,1,2,2
1132,Un homme,27.0,1,1,1,0,-1,0,-1
1133,Un homme,76.0,1,1,1,1,1,1,1
1134,Un homme,46.0,1,1,1,1,-1,1,1
1135,Un homme,54.0,0,0,0,0,0,0,0
1136,Une femme,22.0,1,-1,1,-2,-1,2,1
1137,Une femme,30.0,-1,-1,2,2,2,1,-1
1138,Une femme,45.0,-1,-1,1,1,1,1,1
1139,Une femme,33.0,2,2,2,-2,-1,2,2
1140,Une femme,47.0,1,0,0,0,0,0,0
1141,Une femme,63.0,2,2,1,1,2,-1,2
1142,Une femme,45.0,-1,1,2,-1,-1,1,-1
1143,Un homme,32.0,1,0,0,-1,-1,0,1
1144,Un homme,80.0,1,-1,1,1,1,1,1
1145,Une femme,26.0,2,-1,-1,2,-1,2,2
1146,Une femme,73.0,1,0,-1,-1,-1,0,1
1147,Une femme,54.0,2,1,1,-2,1,1,2
1148,Un homme,44.0,2,1,0,-1,1,0,2
1149,Un homme,71.0,1,-1,1,-1,-1,1,1
1150,Un homme,75.0,1,1,2,1,1,1,2
1151,Une femme,53.0,1,1,2,-1,-1,1,1
1152,Une femme,40.0,1,1,2,-1,-1,1,2
1153,Un homme,34.0,-1,-1,1,-1,1,-2,1
1154,Une femme,40.0,1,1,1,1,1,1,1
1155,Un homme,61.0,1,1,1,-2,-2,1,1
1156,Une femme,48.0,0,-1,-1,-1,-1,-1,0
1157,Une femme,23.0,2,-1,-1,-1,2,1,1
1158,Un homme,18.0,-1,1,-1,0,-1,0,0
1159,Une femme,50.0,1,1,1,1,1,1,1
1160,Un homme,35.0,1,1,1,-1,1,1,-1
1161,Une femme,41.0,2,-1,-1,-1,-1,0,0
1162,Une femme,53.0,2,-1,-1,-1,-1,1,1
1163,Un homme,54.0,1,1,1,1,1,1,-1
1164,Un homme,23.0,1,1,1,1,1,1,-1
1165,Un homme,49.0,1,-1,-1,1,1,1,1
1166,Une femme,38.0,0,0,0,0,0,0,0
1167,Une femme,66.0,-1,0,2,2,-2,-1,0
1168,Un homme,39.0,0,1,2,1,1,1,0
1169,Une femme,65.0,1,-2,1,-1,-1,-1,1
1170,Une femme,75.0,2,0,0,1,-1,-1,1
1171,Une femme,23.0,2,1,-1,1,1,1,1
1172,Un homme,21.0,-1,0,0,1,1,1,0
1173,Un homme,54.0,1,-1,1,0,-1,1,1
1174,Un homme,27.0,1,-1,1,0,1,1,-1
1175,Une femme,68.0,1,0,1,1,1,0,1
1176,Une femme,76.0,1,1,1,1,-1,1,1
1177,Une femme,58.0,1,1,1,2,-1,1,2
1178,Une femme,38.0,0,0,0,0,0,0,0
1179,Un homme,33.0,-1,-1,-1,-1,-1,-1,-1
1180,Une femme,73.0,1,2,2,-1,-2,-1,0
1181,Une femme,67.0,1,1,1,1,1,1,1
1182,Un homme,39.0,-1,0,1,1,0,0,1
1183,Une femme,77.0,2,-1,0,1,1,0,1
1184,Une femme,24.0,0,0,0,0,0,0,0
1185,Une femme,29.0,2,2,1,1,2,1,1
1186,Une femme,27.0,1,1,1,1,-1,1,-1
1187,Un homme,28.0,0,0,0,0,0,0,0
1188,Une femme,53.0,1,-1,1,1,1,1,1
1189,Une femme,62.0,2,1,-2,-2,-2,-1,1
1190,Une femme,34.0,1,1,-1,-1,-2,1,1
1191,Un homme,49.0,1,1,2,-1,-1,1,1
1192,Un homme,52.0,-2,-1,2,-1,2,-1,1
1193,Un homme,59.0,1,-1,1,-1,-1,-1,2
1194,Une femme,32.0,2,1,-2,-1,-2,1,1
1195,Une femme,34.0,1,-1,-1,-1,-1,-1,1
1196,Une femme,33.0,0,0,0,0,0,0,0
1197,Un homme,22.0,1,1,1,-1,-1,1,2
1198,Un homme,90.0,1,2,1,-1,-1,-1,1
1199,Une femme,69.0,2,2,2,2,1,2,1
1200,Une femme,85.0,1,0,1,1,1,1,0
1201,Un homme,43.0,0,0,0,0,0,0,0
1202,Un homme,58.0,1,1,2,1,-1,1,1
1203,Une femme,80.0,2,2,2,2,2,2,2
1204,Une femme,33.0,1,-1,1,1,-1,1,1
1205,Une femme,67.0,1,-1,2,-1,-1,2,2
1206,Une femme,75.0,1,-2,1,-2,-1,1,2
1207,Un homme,67.0,1,1,0,1,1,2,2
1208,Une femme,44.0,2,1,-2,1,0,1,0
1209,Un homme,49.0,-1,-1,1,1,1,1,1
1210,Une femme,33.0,1,1,2,-1,1,2,1
1211,Un homme,38.0,1,1,-1,-1,-1,1,-1
1212,Une femme,76.0,1,-1,1,-1,2,-1,2
1213,Un homme,66.0,2,1,1,1,1,1,1
1214,Un homme,20.0,2,2,2,2,2,1,2
1215,Un homme,58.0,1,1,1,1,-1,0,1
1216,Un homme,45.0,0,0,0,0,0,0,0
1217,Un homme,62.0,1,1,2,1,1,1,-1
1218,Une femme,84.0,-1,-1,1,1,-1,-1,1
1219,Une femme,77.0,1,-1,0,-1,-1,-1,1
1220,Une femme,33.0,-1,1,1,-1,-2,1,1
1221,Une femme,69.0,1,0,1,1,0,0,1
1222,Un homme,48.0,1,-1,1,1,-1,1,2
1223,Un homme,80.0,2,1,1,-1,-2,2,-1
1224,Une femme,76.0,1,-1,-1,1,1,1,1
1225,Une femme,55.0,1,1,1,1,-1,1,-1
1226,Un homme,68.0,1,-1,-1,-1,-1,-1,1
1227,Une femme,52.0,1,1,2,1,1,1,1
1228,Une femme,26.0,2,2,2,2,2,2,2
1229,Une femme,40.0,2,2,2,0,0,0,0
1230,Une femme,48.0,-1,1,1,1,-1,1,-1
1231,Une femme,52.0,0,0,0,0,0,0,0
1232,Une femme,75.0,2,1,-1,-1,1,1,2
1233,Un homme,44.0,1,1,0,1,2,1,1
1234,Une femme,54.0,1,1,1,-1,-2,2,1
1235,Un homme,35.0,1,1,1,1,-2,-1,1
1236,Un homme,72.0,1,1,0,1,1,1,1
1237,Un homme,64.0,-2,2,2,2,-2,2,2
1238,Un homme,58.0,2,1,1,1,0,1,1
1239,Un homme,49.0,1,1,1,1,1,1,2
1240,Un homme,34.0,1,-1,1,-1,-1,-1,-1
1241,Un homme,40.0,-2,2,2,2,2,2,-2
1242,Un homme,42.0,1,1,1,1,1,2,1
1243,Une femme,57.0,1,1,1,2,-1,1,1
1244,Un homme,66.0,1,-1,2,1,-1,2,1
1245,Une femme,66.0,1,0,-1,0,0,0,0
1246,Une femme,53.0,2,2,2,-2,2,2,2
1247,Un homme,50.0,1,1,1,1,1,1,1
1248,Un homme,24.0,2,1,2,-1,1,2,2
1249,Une femme,45.0,1,1,-1,-1,-1,1,-1
1250,Un homme,71.0,-1,-1,2,2,-2,2,2
1251,Une femme,35.0,1,1,0,-1,0,0,2
1252,Une femme,90.0,2,2,2,-1,-2,1,2
1253,Une femme,75.0,2,0,1,-1,0,1,2
1254,Une femme,23.0,2,1,-1,-1,1,1,1
1255,Un homme,60.0,-1,1,2,1,-2,1,2
1256,Un homme,20.0,0,0,0,0,-1,0,0
1257,Une femme,68.0,2,2,1,2,0,1,1
1258,Une femme,32.0,1,0,1,-1,1,1,0
1259,Un homme,49.0,1,1,1,-1,1,-1,1
1260,Une femme,50.0,1,0,1,1,0,0,1
1261,Un homme,54.0,1,1,1,1,1,2,1
1262,Une femme,43.0,1,2,2,2,2,1,1
1263,Un homme,56.0,1,0,0,0,-2,0,1
1264,Une femme,40.0,1,1,1,1,1,1,1
1265,Une femme,19.0,0,1,0,1,1,1,1
1266,Une femme,35.0,1,1,1,-1,1,2,2
1267,Une femme,38.0,-1,0,1,1,1,0,-1
1268,Une femme,75.0,1,-1,-1,-1,-1,1,1
1269,Un homme,72.0,1,1,1,-1,1,1,1
1270,Une femme,34.0,1,-1,-1,-1,-1,-1,1
1271,Une femme,22.0,0,1,-2,-2,-1,0,2
1272,Un homme,45.0,1,2,0,-1,1,2,2
1273,Un homme,64.0,1,1,1,1,1,-1,1
1274,Un homme,40.0,-1,1,2,1,-1,1,2
1275,Un homme,75.0,1,1,1,-1,-1,1,1
1276,Une femme,75.0,1,1,1,2,2,2,1
1277,Une femme,30.0,0,0,0,0,0,0,0
1278,Un homme,45.0,2,1,1,1,1,1,1
1279,Une femme,30.0,0,-2,1,0,-1,0,-1
1280,Une femme,75.0,2,-1,1,-1,1,1,1
1281,Une femme,76.0,1,1,1,1,0,1,0
1282,Un homme,30.0,1,1,1,-1,-1,1,1
1283,Un homme,24.0,1,1,1,1,2,2,2
1284,Une femme,75.0,1,1,2,2,1,2,2
1285,Une femme,50.0,0,-1,2,-1,-2,1,1
1286,Un homme,46.0,1,-1,1,-1,-1,1,1
1287,Un homme,31.0,1,1,0,1,0,0,1
1288,Une femme,67.0,1,1,1,1,1,1,-1
1289,Une femme,60.0,1,0,0,0,0,1,1
1290,Une femme,54.0,1,0,1,-1,-1,1,1
1291,Une femme,47.0,1,0,0,-1,0,0,1
1292,Une femme,40.0,2,2,2,-1,1,2,1
1293,Un homme,46.0,-2,1,1,2,2,0,-1
1294,Une femme,29.0,0,2,0,1,-1,1,2
1295,Une femme,27.0,-1,-1,2,1,1,1,1
1296,Une femme,49.0,1,1,2,-1,-1,1,2
1297,Un homme,48.0,-1,1,2,-1,-1,1,1
1298,Une femme,31.0,1,1,1,-1,-1,-1,1
1299,Un homme,24.0,-2,2,2,2,-2,-1,1
1300,Une femme,75.0,1,1,2,1,1,2,2
1301,Une femme,37.0,0,0,1,0,0,1,1
1302,Un homme,46.0,2,2,2,2,2,2,2
1303,Une femme,50.0,1,1,1,1,1,1,1
1304,Un homme,29.0,0,1,1,0,-1,1,1
1305,Un homme,49.0,2,1,1,-1,-1,2,1
1306,Un homme,72.0,1,-1,1,2,1,1,1
1307,Une femme,27.0,1,0,1,-2,-1,1,1
1308,Une femme,55.0,0,0,0,0,0,0,0
1309,Une femme,35.0,1,-2,2,2,2,-1,2
1310,Un homme,41.0,1,1,1,1,1,1,1
1311,Une femme,75.0,0,-1,1,1,1,1,1
1312,Un homme,38.0,2,2,-1,-1,1,1,1
1313,Une femme,42.0,2,1,1,-1,-2,1,1
1314,Un homme,81.0,1,2,1,2,1,1,1
1315,Une femme,50.0,-1,1,1,2,1,1,1
1316,Un homme,75.0,1,2,2,1,1,2,1
1317,Une femme,19.0,1,1,0,1,-2,-2,1
1318,Un homme,18.0,2,1,1,-1,2,2,2
1319,Une femme,71.0,1,1,1,1,1,2,2
1320,Une femme,34.0,0,0,0,0,0,0,0
1321,Un homme,42.0,2,1,-1,1,1,1,1
1322,Une femme,61.0,2,-1,1,1,1,2,-1
1323,Un homme,69.0,1,-1,0,-1,-1,-1,1
1324,Une femme,77.0,1,0,0,0,0,0,1
1325,Un homme,67.0,1,2,2,1,2,1,2
1326,Une femme,55.0,1,-1,1,-1,1,1,2
1327,Un homme,45.0,1,-2,-2,-2,-2,-2,1
1328,Une femme,51.0,2,1,1,-2,-1,1,1
1329,Une femme,53.0,1,2,1,-1,2,1,-1
1330,Un homme,62.0,1,2,2,-1,-1,1,1
1331,Un homme,41.0,2,1,1,1,1,2,1
1332,Une femme,39.0,-1,2,2,2,-1,-1,1
1333,Une femme,55.0,0,2,1,1,-2,2,1
1334,Une femme,69.0,0,1,1,1,0,1,1
1335,Un homme,78.0,1,2,-2,-2,1,2,2
1336,Une femme,55.0,1,-2,0,-2,-2,1,1
1337,Un homme,68.0,2,1,-1,-1,-1,1,1
1338,Un homme,60.0,1,-2,2,-2,-2,1,-1
1339,Une femme,27.0,1,-1,1,-2,1,1,-1
1340,Un homme,76.0,2,2,2,1,1,0,2
1341,Une femme,54.0,1,1,2,2,2,1,1
1342,Un homme,48.0,1,0,0,1,1,0,1
1343,Un homme,51.0,1,1,1,-1,-1,1,1
1344,Une femme,68.0,2,2,2,1,1,1,1
1345,Un homme,32.0,1,-1,-1,1,1,1,-1
1346,Une femme,32.0,0,0,-1,0,0,0,-1
1347,Un homme,53.0,1,2,1,1,-1,1,1
1348,Un homme,56.0,-2,-2,2,1,-1,-1,-1
1349,Une femme,59.0,1,1,1,-1,-1,1,1
1350,Une femme,47.0,1,1,1,-1,-1,0,1
1351,Une femme,44.0,1,1,1,1,1,1,1
1352,Un homme,52.0,1,1,-1,1,2,1,1
1353,Un homme,72.0,1,1,1,-1,-1,1,1
1354,Une femme,51.0,1,1,1,-1,1,1,1
1355,Une femme,58.0,-1,1,2,1,1,1,1
1356,Une femme,60.0,0,0,0,0,0,0,0
1357,Une femme,21.0,1,-2,0,1,0,0,-1
1358,Un homme,65.0,2,1,1,1,-1,1,1
1359,Une femme,52.0,2,2,2,1,1,2,1
1360,Une femme,66.0,1,1,1,1,1,1,1
1361,Un homme,24.0,1,1,1,-1,-1,1,0
1362,Une femme,77.0,1,1,2,2,2,2,2
1363,Un homme,32.0,1,1,2,1,1,2,1
1364,Une femme,69.0,1,1,1,1,1,1,2
1365,Une femme,58.0,1,1,1,-1,1,0,1
1366,Une femme,37.0,1,-1,0,1,0,0,0
1367,Une femme,56.0,-1,1,1,1,1,1,0
1368,Une femme,79.0,1,1,1,1,-1,2,1
1369,Un homme,40.0,1,2,2,1,-1,1,2
1370,Un homme,76.0,-1,1,2,1,1,1,1
1371,Une femme,44.0,1,-1,-1,-2,-2,1,1
1372,Un homme,79.0,2,1,1,1,1,1,1
1373,Une femme,75.0,0,0,0,0,0,0,0
1374,Une femme,44.0,1,-1,2,2,-1,2,0
1375,Un homme,46.0,2,-1,2,-1,1,2,2
1376,Un homme,29.0,2,0,0,-1,-1,0,2
1377,Un homme,34.0,-1,2,-1,1,-1,1,1
1378,Une femme,31.0,-1,1,2,1,0,2,2
1379,Une femme,40.0,1,0,0,0,0,0,0
1380,Un homme,19.0,0,0,0,0,0,0,0
1381,Une femme,40.0,2,2,2,1,1,-1,1
1382,Une femme,18.0,-1,-2,2,2,-2,1,-2
1383,Un homme,65.0,-1,1,1,1,1,1,-1
1384,Un homme,23.0,-1,1,-2,-1,-2,-1,1
1385,Un homme,69.0,1,2,2,2,2,2,2
1386,Une femme,60.0,1,-1,2,2,-2,1,1
1387,Une femme,45.0,1,1,-1,1,1,1,1
1388,Une femme,55.0,1,1,0,-1,0,1,1
1389,Une femme,72.0,-2,1,2,1,1,2,2
1390,Une femme,47.0,2,-1,1,-1,1,1,2
1391,Une femme,29.0,2,2,2,1,1,2,1
1392,Une femme,52.0,1,-2,-1,-1,-2,1,2
1393,Un homme,50.0,1,1,1,1,-1,1,2
1394,Une femme,35.0,1,1,1,1,1,1,1
1395,Une femme,32.0,0,0,0,0,0,0,0
1396,Une femme,37.0,-1,1,1,1,-1,1,1
1397,Un homme,23.0,-1,-1,-2,-1,2,-1,-1
1398,Un homme,48.0,2,1,-1,-2,2,1,2
1399,Un homme,24.0,-1,-1,1,-1,-1,1,-1
1400,Une femme,35.0,0,0,1,1,1,1,1
1401,Une femme,30.0,2,-1,2,-1,-2,1,-1
1402,Une femme,56.0,1,2,2,2,0,2,2
1403,Une femme,52.0,1,0,0,0,0,0,1
1404,Une femme,19.0,-1,2,1,-1,-1,2,2
1405,Un homme,47.0,-2,1,2,-2,-1,1,2
1406,Une femme,71.0,1,1,1,1,-1,1,1
1407,Un homme,19.0,2,-1,-1,-2,-2,1,1
1408,Un homme,20.0,2,2,2,2,2,1,1
1409,Une femme,41.0,1,1,2,-1,1,-1,2
1410,Un homme,69.0,0,-1,1,-1,-2,0,-1
1411,Un homme,44.0,1,2,2,1,1,1,2
1412,Un homme,52.0,1,-1,1,-1,-1,-1,-1
1413,Un homme,65.0,1,-1,-1,-1,2,1,1
1414,Un homme,75.0,2,1,2,2,-2,1,0
1415,Un homme,71.0,2,1,1,-1,-1,1,1
1416,Une femme,49.0,1,-1,-1,1,-1,1,1
1417,Une femme,50.0,0,0,0,0,0,0,0
1418,Une femme,22.0,1,1,1,1,1,-1,1
1419,Un homme,49.0,-2,-2,-2,-2,-2,-2,-2
1420,Une femme,34.0,1,-1,2,2,1,2,-1
1421,Une femme,71.0,2,2,2,1,1,1,1
1422,Un homme,55.0,1,1,1,-2,-2,2,1
1423,Un homme,77.0,1,1,1,-1,1,2,2
1424,Une femme,71.0,2,1,2,-1,-1,1,1
1425,Une femme,67.0,1,1,1,1,1,1,1
1426,Une femme,75.0,1,0,0,-1,0,1,1
1427,Un homme,80.0,1,1,2,1,1,1,1
1428,Un homme,33.0,-1,1,2,-1,0,1,1
1429,Un homme,47.0,2,1,1,1,2,2,1
1430,Une femme,51.0,1,-1,2,1,-2,1,2
1431,Une femme,29.0,-1,-1,2,1,1,1,1
1432,Un homme,22.0,-2,-2,2,-1,-1,0,1
1433,Un homme,37.0,1,-1,2,-2,-1,1,1
1434,Un homme,59.0,2,2,2,1,2,2,2
1435,Une femme,45.0,1,1,1,1,1,1,1
1436,Une femme,73.0,2,-1,-1,1,-1,1,1
1437,Une femme,32.0,1,0,1,0,0,0,0
1438,Un homme,52.0,-1,-1,1,1,1,2,1
1439,Un homme,62.0,-1,1,2,2,1,1,2
1440,Un homme,33.0,-1,1,2,-1,-2,2,2
1441,Une femme,48.0,2,1,1,1,0,1,0
1442,Un homme,25.0,-1,1,-1,-1,-2,-1,-1
1443,Un homme,26.0,-1,2,1,2,1,1,-1
1444,Une femme,70.0,-1,1,2,2,1,0,1
1445,Une femme,44.0,1,1,-2,-2,-1,1,-1
1446,Un homme,39.0,1,1,1,1,1,1,1
1447,Une femme,58.0,1,0,1,-1,0,0,0
1448,Une femme,33.0,1,-1,1,-1,-1,1,1
1449,Un homme,45.0,1,1,1,1,1,1,1
1450,Une femme,34.0,2,-1,2,-1,-1,2,-1
1451,Une femme,50.0,1,1,1,1,1,0,0
1452,Un homme,72.0,-1,1,1,2,-1,1,2
1453,Un homme,37.0,-1,0,0,1,0,0,0
1454,Une femme,25.0,-1,-1,-1,-2,-2,1,-1
1455,Une femme,59.0,1,0,0,0,0,0,0
1456,Un homme,52.0,1,1,2,-1,-1,1,1
1457,Un homme,18.0,0,0,0,0,0,0,0
1458,Une femme,28.0,-2,-1,1,1,1,-1,1
1459,Une femme,23.0,1,1,1,-2,-1,1,-1
1460,Un homme,42.0,1,-1,2,1,1,-1,1
1461,Une femme,38.0,2,2,1,1,1,1,1
1462,Un homme,23.0,1,-1,1,-1,-1,-1,-1
1463,Un homme,65.0,-1,-1,2,2,-1,-1,2
1464,Un homme,33.0,-1,0,2,2,0,-2,1
1465,Un homme,29.0,1,-1,-1,1,-1,-1,-1
1466,Un homme,45.0,0,1,1,1,1,1,-1
1467,Un homme,23.0,-1,2,2,0,-2,1,2
1468,Une femme,36.0,-1,0,0,1,1,0,0
1469,Un homme,37.0,-2,1,1,1,1,1,1
1470,Une femme,36.0,0,0,0,2,2,0,0
1471,Une femme,75.0,1,2,2,-2,0,1,2
1472,Une femme,33.0,-1,1,2,1,-2,2,1
1473,Un homme,28.0,1,1,2,-1,1,-1,1
1474,Une femme,43.0,0,0,0,0,0,0,0
1475,Un homme,70.0,-2,1,1,2,-1,1,2
1476,Un homme,65.0,1,-1,0,-1,1,-1,1
1477,Une femme,28.0,1,0,-1,0,1,-1,-1
1478,Un homme,73.0,2,2,2,1,1,2,2
1479,Une femme,75.0,-2,1,-2,-1,-2,-1,2
1480,Un homme,59.0,-1,-1,1,-1,-1,0,-1
1481,Une femme,70.0,1,2,2,-1,1,1,2
1482,Une femme,53.0,1,1,2,0,0,2,0
1483,Une femme,24.0,1,1,0,0,0,1,-1
1484,Une femme,56.0,2,-1,1,-1,0,2,1
1485,Une femme,65.0,1,1,1,-1,1,0,1
1486,Un homme,20.0,2,2,2,2,2,2,2
1487,Une femme,63.0,2,0,0,-1,1,2,1
1488,Un homme,52.0,1,1,1,1,1,1,-1
1489,Une femme,51.0,1,-1,1,1,1,1,1
1490,Une femme,75.0,1,1,0,1,1,1,1
1491,Une femme,44.0,-1,-1,-1,-1,-1,-1,-1
1492,Un homme,41.0,-2,2,2,0,2,2,0
1493,Une femme,34.0,-1,1,0,-1,2,0,2
1494,Un homme,47.0,1,1,2,-1,0,1,0
1495,Un homme,49.0,1,1,1,1,1,1,1
1496,Une femme,49.0,1,1,1,1,-1,1,1
1497,Une femme,46.0,0,2,1,0,0,2,1
1498,Une femme,75.0,0,1,1,0,1,0,0
1499,Un homme,62.0,1,0,1,1,-2,1,1
1500,Un homme,58.0,1,1,2,1,-1,1,2
1501,Une femme,70.0,2,2,2,2,2,2,2
1502,Un homme,46.0,1,1,1,2,-1,1,1
1503,Une femme,50.0,2,1,2,-1,1,2,2
1504,Une femme,38.0,1,1,0,1,1,1,0
1505,Un homme,75.0,1,-2,2,-2,-1,-1,1
1506,Un homme,32.0,-1,1,-1,-1,-1,-1,1
1507,Un homme,52.0,1,1,1,1,1,1,1
1508,Un homme,31.0,1,1,1,-1,0,1,1
1509,Un homme,58.0,1,-2,2,1,-2,1,1
1510,Un homme,75.0,1,2,1,1,1,1,2
1511,Une femme,29.0,1,1,1,-1,-1,-1,-1
1512,Une femme,22.0,0,0,0,0,0,0,0
1513,Un homme,23.0,0,0,0,0,0,0,0
1514,Un homme,65.0,1,1,1,1,1,1,1
1515,Une femme,54.0,-1,1,2,2,-1,0,1
1516,Un homme,40.0,-1,-1,1,1,-1,1,1
1517,Un homme,18.0,1,1,2,2,1,2,1
1518,Une femme,77.0,1,2,2,1,1,2,2
1519,Une femme,51.0,2,1,1,-1,-2,1,1
1520,Un homme,59.0,2,2,2,2,2,2,2
1521,Une femme,19.0,-1,1,2,1,2,2,1
1522,Un homme,48.0,-1,2,2,1,1,1,1
1523,Un homme,49.0,2,-2,-2,-2,-2,-2,1
1524,Un homme,45.0,2,2,1,-2,-2,2,2
1525,Une femme,36.0,1,-1,1,-1,-1,1,-1
1526,Un homme,38.0,2,1,2,-2,1,1,2
1527,Un homme,32.0,2,2,2,2,2,2,2
1528,Une femme,21.0,1,-2,2,1,2,0,2
1529,Une femme,37.0,-1,-1,1,1,-1,-1,1
1530,Un homme,70.0,1,1,2,-1,-1,1,1
1531,Une femme,44.0,2,1,2,1,2,2,2
1532,Une femme,37.0,1,2,1,-1,-1,1,1
1533,Un homme,69.0,2,1,-1,-1,1,1,-1
1534,Un homme,45.0,1,1,1,1,1,1,1
1535,Un homme,35.0,2,2,2,2,2,2,2
1536,Une femme,56.0,0,0,1,0,0,0,0
1537,Une femme,86.0,1,0,1,1,1,1,0
1538,Une femme,75.0,0,0,0,0,0,0,0
1539,Un homme,47.0,1,-1,0,-1,0,1,1
1540,Une femme,32.0,1,1,2,1,1,2,1
1541,Une femme,26.0,0,0,0,0,0,0,0
1542,Une femme,26.0,-1,1,2,1,2,2,1
1543,Une femme,46.0,2,0,2,2,0,2,2
1544,Une femme,76.0,1,-1,1,1,-1,2,1
1545,Un homme,32.0,1,-2,1,1,0,1,-2
1546,Une femme,32.0,1,0,0,0,0,0,1
1547,Une femme,77.0,1,1,1,-1,-1,1,1
1548,Un homme,43.0,1,1,1,-2,-1,2,2
1549,Un homme,52.0,1,-1,1,-1,-2,1,2
1550,Un homme,41.0,1,0,1,-1,-1,-1,0
1551,Un homme,74.0,1,-1,-1,-2,-1,-1,1
1552,Une femme,34.0,0,1,0,1,1,1,1
1553,Une femme,69.0,2,2,2,-2,2,2,2
1554,Un homme,45.0,-1,1,-1,-1,-1,-1,1
1555,Un homme,25.0,0,0,0,0,0,0,0
1556,Une femme,46.0,1,0,1,1,0,0,1
1557,Une femme,75.0,1,1,1,1,0,1,0
1558,Un homme,22.0,2,2,2,2,2,2,2
1559,Un homme,50.0,0,0,0,0,0,0,0
1560,Un homme,47.0,1,1,1,1,-1,1,1
1561,Une femme,49.0,0,0,0,1,1,1,-1
1562,Un homme,64.0,1,1,2,-1,-1,1,-1
1563,Un homme,65.0,-1,-1,-1,-1,-2,1,1
1564,Une femme,32.0,0,-1,1,1,1,0,1
1565,Un homme,34.0,-1,1,2,2,2,1,1
1566,Un homme,59.0,1,1,1,1,1,1,1
1567,Un homme,22.0,1,1,2,1,1,1,-1
1568,Une femme,55.0,1,1,1,1,2,1,1
1569,Un homme,37.0,-1,0,1,-1,1,-2,-2
1570,Un homme,54.0,2,-1,-1,-1,-1,-1,-1
1571,Une femme,59.0,1,1,1,-1,-1,1,1
1572,Un homme,47.0,1,1,1,1,1,1,1
1573,Un homme,29.0,1,2,1,-2,-2,1,2
1574,Une femme,40.0,1,1,-1,-1,-1,1,2
1575,Une femme,63.0,1,1,1,2,1,2,2
1576,Une femme,32.0,1,1,1,-2,-1,-1,1
1577,Un homme,65.0,1,1,2,1,1,1,2
1578,Un homme,62.0,1,1,2,-1,2,2,2
1579,Une femme,36.0,2,-1,-1,1,1,1,1
1580,Un homme,46.0,0,0,0,0,0,0,0
1581,Un homme,19.0,2,1,2,-1,-2,1,1
1582,Un homme,75.0,1,1,2,1,-1,1,2
1583,Un homme,51.0,2,-1,1,-2,-2,-1,-2
1584,Un homme,58.0,1,1,0,1,1,1,1
1585,Un homme,52.0,1,2,1,-2,-1,2,1
1586,Un homme,29.0,1,-1,-1,1,-2,-2,2
1587,Une femme,33.0,2,-1,2,2,1,1,1
1588,Un homme,76.0,-1,2,2,1,-1,1,1
1589,Un homme,80.0,1,-1,1,1,1,-1,1
1590,Un homme,50.0,1,0,1,1,-1,0,1
1591,Une femme,73.0,2,1,2,-2,-1,2,2
1592,Un homme,56.0,1,1,2,1,0,1,1
1593,Un homme,34.0,1,1,0,-1,0,0,0
1594,Une femme,51.0,1,2,-1,1,1,2,2
1595,Un homme,27.0,0,0,0,0,0,0,0
1596,Une femme,31.0,0,0,0,0,0,0,1
1597,Une femme,47.0,1,1,1,1,1,2,1
1598,Un homme,67.0,1,1,1,1,1,1,1
1599,Un homme,27.0,0,1,1,2,-1,1,-1
1600,Une femme,76.0,1,1,2,2,1,-1,1
1601,Une femme,23.0,1,1,-1,1,1,1,2
1602,Un homme,53.0,-1,1,1,1,1,-1,1
1603,Une femme,72.0,0,0,0,0,0,0,0
1604,Une femme,74.0,1,1,1,1,-1,1,1
1605,Une femme,35.0,0,1,2,1,2,0,1
1606,Un homme,23.0,1,-1,-2,2,-1,-1,-1
1607,Une femme,58.0,1,1,0,-1,-1,1,0
1608,Un homme,34.0,2,1,1,2,1,2,1
1609,Une femme,34.0,2,1,1,1,2,2,2
1610,Un homme,70.0,1,2,2,1,1,2,-2
1611,Une femme,44.0,0,0,0,1,0,1,0
1612,Une femme,52.0,-1,1,0,1,1,0,0
1613,Un homme,53.0,1,2,0,-1,-1,0,1
1614,Un homme,29.0,1,1,1,1,1,1,1
1615,Une femme,33.0,-1,-1,0,0,0,0,0
1616,Une femme,18.0,0,1,0,0,0,0,0
1617,Une femme,56.0,1,1,2,-1,-1,1,1
1618,Une femme,68.0,1,2,1,2,2,1,1
1619,Un homme,71.0,1,1,-1,-1,-1,1,1
1620,Un homme,41.0,1,1,1,1,1,1,1
1621,Une femme,52.0,1,1,1,-1,-1,0,0
1622,Une femme,40.0,1,1,1,1,1,1,-1
1623,Un homme,77.0,1,1,2,1,-1,2,1
1624,Un homme,43.0,2,-1,2,1,-1,2,1
1625,Une femme,76.0,1,2,1,-1,1,-1,1
1626,Une femme,39.0,1,1,1,1,1,1,1
1627,Un homme,23.0,-1,1,-1,-1,-2,-1,-1
1628,Un homme,49.0,1,1,2,-1,-2,2,2
1629,Un homme,50.0,-1,-1,1,-1,1,1,-1
1630,Une femme,54.0,1,1,1,-1,1,1,1
1631,Une femme,35.0,0,0,2,2,-1,-1,0
1632,Un homme,23.0,1,1,1,1,1,1,1
1633,Un homme,76.0,2,2,2,-1,-1,2,2
1634,Un homme,42.0,-1,-2,-2,-2,-2,-1,-2
1635,Une femme,42.0,1,1,1,1,1,1,1
1636,Une femme,58.0,-1,-1,1,-1,1,-1,1
1637,Une femme,42.0,-1,1,2,1,-1,2,2
1638,Une femme,51.0,1,2,2,-1,1,2,2
1639,Un homme,75.0,1,1,1,1,-1,1,2
1640,Une femme,56.0,1,0,1,0,-1,1,1
1641,Une femme,69.0,1,1,-1,-1,-1,-2,-1
1642,Un homme,43.0,1,1,1,1,1,1,1
1643,Un homme,53.0,2,1,1,-1,-1,1,1
1644,Une femme,27.0,1,1,0,-2,-2,1,0
1645,Un homme,80.0,1,2,2,1,1,1,1
1646,Une femme,26.0,1,0,0,1,0,1,0
1647,Un homme,30.0,2,1,1,1,1,1,1
1648,Un homme,31.0,1,1,-1,-1,1,1,1
1649,Un homme,28.0,1,1,2,1,-1,1,1
1650,Une femme,76.0,2,2,1,-1,2,2,-1
1651,Une femme,57.0,2,1,1,1,1,1,2
1652,Une femme,54.0,2,2,1,1,1,2,2
1653,Un homme,42.0,1,1,2,-1,-1,-1,-1
1654,Un homme,25.0,1,-2,2,-1,-2,2,-2
1655,Un homme,28.0,-1,1,1,-1,1,1,2
1656,Un homme,41.0,1,1,1,1,2,-2,1
1657,Un homme,18.0,0,2,2,-2,1,2,2
1658,Une femme,34.0,1,0,0,-1,0,1,0
1659,Une femme,26.0,1,1,2,-1,-1,1,-1
1660,Une femme,44.0,1,1,-1,2,1,1,1
1661,Un homme,36.0,-1,1,1,1,2,1,2
1662,Un homme,62.0,1,-1,-1,-1,-1,1,-1
1663,Une femme,49.0,0,0,0,0,0,0,0
1664,Une femme,48.0,2,2,1,-1,-1,2,2
1665,Un homme,78.0,0,0,0,0,0,0,0
1666,Une femme,31.0,1,0,0,0,1,1,1
1667,Une femme,71.0,2,2,2,2,2,2,2
1668,Un homme,77.0,2,0,2,1,-1,1,2
1669,Un homme,46.0,1,2,2,1,-1,2,2
1670,Un homme,56.0,0,1,2,2,2,2,0
1671,Une femme,25.0,0,0,0,0,0,0,0
1672,Une femme,76.0,1,0,1,-1,-1,1,1
1673,Un homme,51.0,-2,2,1,-2,1,2,2
1674,Une femme,36.0,1,-1,1,-1,-2,1,1
1675,Un homme,62.0,-1,-1,1,-1,-1,1,1
1676,Un homme,63.0,2,1,1,1,-1,1,2
1677,Un homme,78.0,2,2,2,-1,0,2,2
1678,Un homme,88.0,1,0,-1,-1,0,0,0
1679,Une femme,69.0,1,-1,-1,-1,-1,-1,-1
1680,Un homme,55.0,-1,1,2,1,1,1,1
1681,Un homme,51.0,1,-1,1,-1,-1,-1,1
1682,Une femme,33.0,1,0,1,0,-2,0,1
1683,Un homme,73.0,1,1,1,1,1,2,2
1684,Un homme,35.0,1,1,1,2,1,2,1
1685,Un homme,47.0,1,2,2,2,-1,2,2
1686,Une femme,81.0,1,1,1,1,1,1,2
1687,Une femme,18.0,-1,1,2,1,-1,2,1
1688,Un homme,51.0,1,1,1,1,1,1,-1
1689,Un homme,76.0,1,-1,0,0,0,0,0
1690,Un homme,76.0,1,1,1,1,-1,1,2
1691,Un homme,30.0,-1,2,2,1,-2,-1,1
1692,Une femme,34.0,-1,-1,1,-1,0,0,1
1693,Une femme,22.0,1,1,1,1,-1,1,2
1694,Une femme,57.0,0,0,1,1,0,0,0
1695,Une femme,51.0,2,1,1,1,1,1,2
1696,Un homme,56.0,1,-1,1,-1,-2,2,2
1697,Une femme,78.0,2,1,1,1,-1,2,2
1698,Une femme,41.0,1,0,1,0,0,1,1
1699,Un homme,56.0,1,-1,1,-1,-1,1,1
1700,Un homme,40.0,2,1,1,1,-2,1,2
1701,Un homme,34.0,1,1,-1,1,-1,1,1
1702,Un homme,70.0,2,-2,1,-2,2,-2,1
1703,Un homme,79.0,2,1,-2,2,2,2,-1
1704,Un homme,58.0,1,0,1,-2,-2,1,-1
1705,Une femme,68.0,1,2,2,-2,-2,2,2
1706,Un homme,32.0,0,0,0,0,1,0,1
1707,Un homme,33.0,1,2,0,1,2,1,2
1708,Une femme,41.0,0,-1,1,1,1,-1,0
1709,Un homme,77.0,2,1,1,1,-2,2,1
1710,Une femme,78.0,0,1,1,1,1,0,2
1711,Une femme,31.0,1,-1,1,1,1,1,-1
1712,Un homme,48.0,2,-1,-1,-2,-2,2,1
1713,Une femme,60.0,1,0,1,0,0,1,0
1714,Une femme,35.0,1,-1,-1,1,2,-2,-1
1715,Une femme,40.0,-2,0,2,2,0,0,0
1716,Une femme,58.0,1,0,0,0,0,1,1
1717,Un homme,49.0,-1,1,1,1,2,1,2
1718,Une femme,40.0,-1,1,2,1,1,2,1
1719,Une femme,57.0,1,2,2,1,1,1,-1
1720,Une femme,48.0,1,-1,1,2,2,2,1
1721,Un homme,45.0,1,1,0,-1,-1,1,1
1722,Une femme,41.0,-1,1,1,1,-1,1,2
1723,Une femme,70.0,2,1,1,-1,-1,-1,2
1724,Un homme,36.0,-1,1,1,-1,2,1,-1
1725,Un homme,70.0,2,-1,1,-1,-1,1,1
1726,Une femme,64.0,1,2,-1,-1,-2,2,-1
1727,Un homme,35.0,1,1,1,1,1,1,1
1728,Un homme,45.0,-1,2,1,2,2,-1,1
1729,Une femme,64.0,1,1,1,2,-1,1,-1
1730,Un homme,62.0,1,-1,0,-1,-1,1,1
1731,Une femme,30.0,1,-1,1,1,-1,1,-1
1732,Une femme,75.0,1,-1,1,-1,-1,-1,1
1733,Un homme,70.0,1,1,1,1,1,1,2
1734,Un homme,76.0,2,-1,1,-2,-1,1,1
1735,Une femme,44.0,2,1,-1,1,-2,-1,2
1736,Un homme,78.0,1,1,-1,-1,-1,1,-1
1737,Un homme,77.0,1,0,1,-1,-2,1,1
1738,Une femme,51.0,2,1,1,1,-1,2,2
1739,Une femme,68.0,1,-1,1,-1,-1,1,2
1740,Un homme,58.0,1,2,2,2,2,2,2
1741,Une femme,68.0,1,-1,1,-1,-1,1,1
1742,Une femme,49.0,1,1,-1,1,2,-1,-1
1743,Une femme,38.0,2,2,2,1,1,2,2
1744,Une femme,44.0,-1,1,2,2,2,2,2
1745,Un homme,75.0,1,1,1,1,0,1,1
1746,Une femme,66.0,1,1,1,-1,-1,1,1
1747,Une femme,33.0,1,1,1,-1,0,0,0
1748,Un homme,74.0,1,1,1,-1,-1,-1,0
1749,Un homme,35.0,1,-1,1,1,1,-2,1
1750,Une femme,28.0,1,1,2,1,-1,1,-1
1751,Un homme,67.0,1,1,1,1,1,1,1
1752,Une femme,31.0,1,-1,0,0,-1,1,-1
1753,Une femme,61.0,0,1,1,1,1,1,0
1754,Une femme,26.0,2,1,1,1,1,2,2
1755,Une femme,54.0,1,1,1,0,1,1,2
1756,Une femme,49.0,0,1,0,0,0,1,1
1757,Une femme,35.0,1,1,0,-1,0,-1,-2
1758,Une femme,47.0,2,1,1,1,2,1,2
1759,Un homme,54.0,1,1,1,-1,1,-1,1
1760,Un homme,50.0,1,-1,-1,-1,1,2,1
1761,Une femme,73.0,2,-1,1,1,1,1,2
1762,Un homme,33.0,-1,2,2,2,2,2,2
1763,Une femme,28.0,-1,2,2,2,1,-1,-1
1764,Une femme,32.0,-1,-2,1,1,1,-1,-2
1765,Un homme,58.0,0,0,1,1,1,1,0
1766,Un homme,45.0,1,-1,1,1,0,-1,0
1767,Une femme,55.0,1,1,1,1,1,1,1
1768,Une femme,47.0,1,1,1,-1,-1,0,1
1769,Une femme,30.0,0,-2,-2,0,-1,0,-2
1770,Un homme,34.0,1,0,1,-1,-1,1,1
1771,Une femme,76.0,0,0,0,0,0,0,0
1772,Une femme,42.0,1,0,0,0,0,0,0
1773,Un homme,78.0,2,1,2,1,1,2,2
1774,Une femme,47.0,1,1,-1,-1,-1,1,1
1775,Une femme,59.0,1,0,1,2,0,1,1
1776,Une femme,56.0,-1,1,1,1,-2,1,1
1777,Un homme,42.0,1,1,1,1,1,1,1
1778,Un homme,50.0,1,1,1,1,1,1,1
1779,Une femme,54.0,1,1,1,1,-1,1,2
1780,Une femme,40.0,1,1,-1,1,1,-1,1
1781,Une femme,48.0,-1,2,2,-1,1,2,1
1782,Un homme,33.0,1,0,1,-1,0,1,1
1783,Un homme,50.0,1,-1,-1,1,1,1,-1
1784,Une femme,57.0,-1,1,1,2,2,-1,1
1785,Une femme,52.0,0,0,0,0,0,0,0
1786,Une femme,32.0,1,0,1,-1,-1,-1,1
1787,Une femme,78.0,1,1,1,-1,-1,1,1
1788,Un homme,48.0,-1,-1,2,1,-2,-1,-1
1789,Un homme,60.0,-1,2,2,2,2,2,2
1790,Une femme,25.0,1,1,1,-1,1,1,1
1791,Une femme,61.0,2,1,-1,1,-1,1,1
1792,Un homme,57.0,1,1,1,0,0,1,1
1793,Un homme,54.0,1,-1,1,1,1,-2,1
1794,Une femme,40.0,1,-1,2,1,-1,1,-1
1795,Une femme,61.0,1,0,0,0,-1,0,0
1796,Un homme,76.0,2,2,-1,1,1,2,1
1797,Un homme,65.0,-1,1,1,-1,1,-1,1
1798,Un homme,48.0,1,-1,0,0,-1,1,1
1799,Un homme,81.0,2,0,2,-1,-1,1,2
1800,Un homme,55.0,1,-1,2,1,2,2,1
1801,Un homme,41.0,1,-1,-1,-2,-1,2,1
1802,Une femme,76.0,1,2,2,1,1,1,2
1803,Un homme,26.0,0,0,0,0,0,0,0
1804,Une femme,50.0,2,-1,2,1,1,1,1
1805,Une femme,35.0,1,-1,1,-1,-1,1,2
1806,Une femme,26.0,1,1,1,1,1,1,1
1807,Un homme,30.0,1,2,-1,2,1,2,1
1808,Un homme,73.0,1,-1,-1,1,1,-1,-1
1809,Une femme,32.0,1,1,2,2,-1,2,-2
1810,Une femme,71.0,2,1,1,-2,-2,1,1
1811,Une femme,33.0,1,1,1,1,1,1,1
1812,Un homme,59.0,1,1,1,1,1,1,1
1813,Un homme,58.0,1,1,1,-1,-1,1,1
1814,Un homme,41.0,2,1,-1,-1,-2,2,2
1815,Un homme,57.0,1,1,1,1,1,-1,1
1816,Un homme,31.0,1,1,1,1,1,1,1
1817,Une femme,50.0,0,0,0,0,0,0,0
1818,Un homme,56.0,1,1,0,1,-1,1,1
1819,Un homme,37.0,0,0,0,0,0,0,0
1820,Une femme,70.0,1,1,2,-1,-1,1,1
1821,Une femme,67.0,1,-1,2,2,2,0,1
1822,Une femme,51.0,1,0,0,0,0,0,0
1823,Une femme,46.0,1,1,1,1,1,1,1
1824,Une femme,42.0,1,0,1,0,0,0,0
1825,Une femme,49.0,1,1,1,1,1,-1,1
1826,Une femme,56.0,1,0,1,0,-1,1,1
1827,Une femme,59.0,1,-1,2,2,1,1,1
1828,Une femme,62.0,1,1,1,1,1,1,1
1829,Un homme,70.0,2,2,2,-2,-1,2,2
1830,Une femme,35.0,1,0,1,-1,-1,1,1
1831,Un homme,48.0,1,-1,2,1,1,1,1
1832,Une femme,37.0,2,2,2,2,2,2,2
1833,Une femme,33.0,1,1,1,1,1,2,2
1834,Une femme,64.0,1,0,1,1,-1,1,1
1835,Une femme,59.0,-2,1,-1,1,-1,1,-1
1836,Une femme,60.0,-1,-1,-1,-2,-1,-1,1
1837,Une femme,55.0,-1,1,1,-1,1,1,-1
1838,Un homme,29.0,1,-1,2,1,1,1,1
1839,Un homme,43.0,1,-1,2,-2,-1,1,2
1840,Un homme,61.0,1,-1,1,-1,-1,1,1
1841,Un homme,69.0,1,1,1,1,-1,1,1
1842,Un homme,59.0,2,2,2,2,2,2,2
1843,Un homme,43.0,2,1,1,-1,1,1,1
1844,Une femme,42.0,0,0,1,1,1,0,0
1845,Un homme,35.0,0,0,0,0,0,0,0
1846,Un homme,32.0,1,1,2,-1,-1,2,1
1847,Un homme,49.0,2,1,2,-2,2,2,2
1848,Un homme,34.0,-2,1,1,-1,1,1,1
1849,Un homme,53.0,1,1,2,1,1,-1,1
1850,Une femme,71.0,1,1,1,0,0,-1,1
1851,Un homme,31.0,1,-1,1,-1,1,2,2
1852,Une femme,74.0,1,2,1,1,1,2,1
1853,Une femme,45.0,1,-1,-1,-1,-1,-1,1
1854,Un homme,62.0,1,1,2,-1,-1,1,1
1855,Une femme,62.0,1,1,1,-1,1,-1,2
1856,Un homme,72.0,1,2,2,2,1,1,1
1857,Une femme,30.0,-1,0,1,0,0,0,1
1858,Une femme,74.0,1,-1,1,-1,-1,1,1
1859,Une femme,43.0,1,-2,1,2,1,1,2
1860,Un homme,47.0,1,1,2,-1,1,2,1
1861,Un homme,48.0,0,1,2,2,1,1,1
1862,Une femme,29.0,1,2,1,1,2,2,2
1863,Un homme,39.0,-2,1,1,2,-2,1,-2
1864,Un homme,45.0,1,-1,1,-1,-1,1,-1
1865,Un homme,69.0,1,1,1,1,1,1,1
1866,Une femme,70.0,2,1,1,1,2,1,1
1867,Un homme,32.0,1,2,1,-1,-1,1,2
1868,Une femme,72.0,2,1,1,2,2,2,2
1869,Un homme,47.0,1,1,1,1,1,1,2
1870,Une femme,47.0,0,0,1,2,-1,0,0
1871,Un homme,68.0,1,1,-1,1,1,1,1
1872,Un homme,74.0,2,-1,-1,-1,1,1,2
1873,Une femme,35.0,-1,1,2,-1,1,2,2
1874,Un homme,52.0,1,2,1,-1,1,1,1
1875,Une femme,63.0,1,-1,1,-1,-1,0,1
1876,Un homme,55.0,1,-1,-1,-1,-1,1,1
1877,Un homme,61.0,-1,-1,1,1,1,0,1
1878,Une femme,30.0,1,1,-1,1,-1,-1,1
1879,Une femme,53.0,1,1,1,-1,-1,-1,1
1880,Une femme,74.0,2,1,1,1,1,1,2
1881,Un homme,68.0,1,-1,2,2,-2,1,1
1882,Un homme,71.0,1,1,1,-1,-1,1,1
1883,Une femme,50.0,1,1,-1,-1,-2,-1,2
1884,Une femme,49.0,0,1,1,1,1,0,-1
1885,Une femme,70.0,2,2,0,0,0,0,2
1886,Une femme,50.0,-1,1,2,2,1,1,1
1887,Un homme,36.0,2,2,-1,-1,-1,2,2
1888,Une femme,36.0,1,1,1,-1,-2,-1,1
1889,Un homme,70.0,2,0,2,2,2,1,2
1890,Un homme,50.0,1,2,1,-1,1,1,1
1891,Une femme,52.0,1,0,0,0,0,0,1
1892,Un homme,56.0,1,-1,-1,0,-1,-1,2
1893,Un homme,73.0,1,1,2,2,-1,1,1
1894,Un homme,52.0,2,-1,-1,-1,-1,-1,-1
1895,Une femme,51.0,1,0,0,0,0,0,1
1896,Un homme,52.0,-1,1,1,1,-2,1,-1
1897,Un homme,70.0,1,1,1,-1,-1,1,2
1898,Un homme,38.0,0,0,0,0,0,0,0
1899,Une femme,67.0,1,-1,1,-1,-1,1,-1
1900,Un homme,72.0,1,-1,-1,1,1,1,1
1901,Une femme,32.0,1,1,0,1,0,1,0
1902,Une femme,46.0,0,1,1,1,1,-2,0
1903,Une femme,39.0,0,0,0,0,0,0,0
1904,Une femme,52.0,0,0,0,0,0,0,0
1905,Une femme,52.0,1,2,2,-1,-1,2,2
1906,Une femme,45.0,-1,1,2,1,-2,1,1
1907,Un homme,52.0,1,1,1,-1,-1,1,1
1908,Un homme,58.0,1,2,2,2,-2,2,2
1909,Une femme,31.0,1,1,1,1,1,1,1
1910,Un homme,70.0,2,2,1,1,-1,1,1
1911,Une femme,62.0,1,1,2,1,-1,-1,1
1912,Un homme,48.0,-1,-2,2,-2,-1,-1,-1
1913,Un homme,63.0,1,2,1,-1,2,2,2
1914,Une femme,40.0,1,1,1,-1,-1,-1,2
1915,Une femme,69.0,2,1,2,0,1,2,2
1916,Un homme,46.0,1,-1,1,1,-1,-1,-1
1917,Un homme,53.0,1,1,2,-1,1,2,1
1918,Un homme,71.0,1,1,1,-1,-1,-1,2
1919,Un homme,30.0,0,0,0,0,0,0,0
1920,Une femme,43.0,0,0,0,0,0,0,0
1921,Une femme,60.0,1,2,1,1,1,-2,2
1922,Une femme,55.0,0,1,2,1,-1,1,1
1923,Une femme,35.0,0,1,2,1,2,1,1
1924,Un homme,66.0,1,1,1,-1,-1,-1,-1
1925,Une femme,74.0,1,1,1,-1,1,1,1
1926,Une femme,66.0,1,1,1,-2,-2,2,2
1927,Un homme,69.0,1,1,0,1,0,2,1
1928,Une femme,52.0,0,0,0,2,0,0,1
1929,Une femme,65.0,1,-1,-1,-1,-1,-2,-1
1930,Une femme,72.0,1,1,2,1,1,2,2
1931,Une femme,66.0,1,1,2,1,1,1,2
1932,Une femme,67.0,-1,1,-1,-1,-1,1,-1
1933,Une femme,52.0,1,1,1,-1,0,1,1
1934,Un homme,52.0,2,2,1,-1,-1,2,1
1935,Un homme,67.0,1,2,2,2,-2,2,1
1936,Une femme,30.0,1,1,-1,-1,1,1,1
1937,Une femme,65.0,0,0,0,0,0,0,0
1938,Une femme,55.0,1,1,1,1,1,1,2
1939,Une femme,39.0,-1,0,1,1,-2,2,0
1940,Une femme,45.0,1,1,-1,1,1,-1,1
1941,Une femme,60.0,2,1,2,2,-1,1,2
1942,Une femme,46.0,0,-1,-1,0,0,0,0
1943,Une femme,54.0,2,1,1,1,1,1,1
1944,Un homme,59.0,1,1,2,-2,1,2,1
1945,Un homme,28.0,-2,-1,-2,1,-1,1,1
1946,Une femme,55.0,1,1,2,0,-1,2,1
1947,Un homme,35.0,1,1,2,-1,1,1,2
1948,Une femme,51.0,-1,0,0,0,0,1,1
1949,Un homme,61.0,1,1,2,1,-2,2,2
1950,Une femme,54.0,1,-1,2,1,1,1,1
1951,Une femme,50.0,0,0,2,1,0,0,0
1952,Une femme,32.0,1,1,1,2,-2,1,1
1953,Une femme,71.0,2,2,-1,-2,-2,2,2
1954,Une femme,35.0,1,0,2,0,-2,0,-1
1955,Une femme,80.0,-1,2,2,1,2,2,-2
1956,Un homme,49.0,1,2,2,1,-2,1,-1
1957,Un homme,45.0,1,1,1,1,1,1,1
1958,Une femme,76.0,2,2,1,2,1,2,1
1959,Un homme,33.0,2,-1,2,1,1,-1,1
1960,Une femme,41.0,1,1,-1,1,-1,1,1
1961,Une femme,73.0,1,-1,-1,-2,-1,1,1
1962,Un homme,26.0,1,1,2,-1,-1,1,1
1963,Une femme,26.0,1,1,2,1,2,2,2
1964,Une femme,54.0,1,-2,1,-1,-2,2,-1
1965,Une femme,49.0,1,1,2,0,0,1,2
1966,Un homme,28.0,2,2,1,2,2,1,2
1967,Un homme,30.0,1,1,1,1,1,1,1
1968,Un homme,64.0,1,1,1,-1,1,1,-1
1969,Une femme,77.0,1,-1,-1,-1,-1,1,1
1970,Un homme,65.0,-1,0,0,0,-1,0,1
1971,Une femme,35.0,-1,1,2,2,1,1,0
1972,Un homme,31.0,2,-1,1,-1,-1,1,1
1973,Un homme,42.0,-1,1,2,1,-1,1,1
1974,Un homme,39.0,0,1,2,-1,-1,-1,1
1975,Une femme,73.0,-2,-1,1,1,1,-1,-1
1976,Une femme,25.0,1,-1,1,0,-1,-1,1
1977,Une femme,63.0,1,2,1,1,1,-1,1
1978,Une femme,80.0,1,1,1,1,1,1,1
1979,Un homme,45.0,1,0,0,-1,0,-1,0
1980,Une femme,30.0,1,1,1,0,0,0,0
1981,Un homme,72.0,1,1,1,1,1,1,1
1982,Une femme,29.0,2,1,0,1,1,1,1
1983,Une femme,25.0,1,-1,2,1,0,0,0
1984,Une femme,25.0,0,0,0,0,0,0,1
1985,Un homme,58.0,1,1,2,1,1,1,1
1986,Un homme,22.0,0,1,-1,-1,1,-2,-1
1987,Un homme,29.0,2,2,1,2,2,2,2
1988,Une femme,66.0,1,1,2,-1,-1,1,1
1989,Un homme,40.0,1,1,1,1,1,1,1
1990,Un homme,28.0,1,1,1,-1,-1,1,-1
1991,Une femme,25.0,2,-2,-1,1,1,2,1
1992,Un homme,33.0,1,2,2,2,2,1,2
1993,Un homme,66.0,1,2,2,2,1,1,1
1994,Une femme,23.0,1,1,2,1,-1,1,-1
1995,Un homme,39.0,1,-1,1,-2,1,1,1
1996,Un homme,57.0,1,2,1,1,2,1,1
1997,Un homme,54.0,2,-1,2,-1,2,1,2
1998,Un homme,56.0,2,-1,-1,1,1,-1,2
1999,Une femme,18.0,1,0,0,1,0,0,0
2000,Une femme,38.0,1,1,1,1,1,1,1
2001,Une femme,58.0,2,0,0,1,1,0,1
2002,Une femme,45.0,1,-1,0,-1,-1,0,1
2003,Une femme,57.0,2,-2,1,-2,-2,-2,1
2004,Un homme,47.0,2,-1,1,-2,-2,1,1
2005,Une femme,49.0,1,2,1,0,1,1,1
